operation_id,chip_id
0,0
1,0
2,0
3,0
4,0
5,1
6,1
7,1
8,1
9,1
10,1
11,1
12,1
13,2
14,2
15,2
16,2
17,2
18,2
19,2
20,2
21,2
22,2
23,3
24,3
25,3
26,4
27,4
28,4
29,4
30,4
31,5
32,5
33,5
34,5
35,5
36,6
37,6
38,6
39,7
40,7
41,7
42,7
43,7
44,7
45,7
46,8
47,8
48,8
49,8
50,8
51,8
52,8
53,8
54,8
55,9
56,9
57,9
58,9
59,9
60,9
61,9
62,9
63,9
64,9
65,10
66,10
67,10
68,11
69,11
70,11
71,11
72,11
73,11
74,11
75,11
76,12
77,12
78,12
79,12
80,12
81,12
82,12
83,12
84,12
85,13
86,13
87,13
88,14
89,14
90,14
91,14
92,14
93,15
94,15
95,15
96,15
97,15
98,16
99,16
100,16
101,17
102,17
103,17
104,18
105,18
106,18
107,18
108,18
109,18
110,18
111,18
112,18
113,19
114,19
115,19
116,19
117,19
118,19
119,19
120,20
121,20
122,20
123,20
124,20
125,20
126,20
127,20
128,20
129,20
130,21
131,21
132,21
133,21
134,21
135,21
136,22
137,22
138,22
139,23
140,23
141,24
142,24
143,24
144,24
145,24
146,24
147,24
148,25
149,25
150,25
151,25
152,26
153,26
154,26
155,26
156,26
157,26
158,26
159,26
160,26
161,27
162,27
163,27
164,27
165,28
166,28
167,28
168,28
169,28
170,28
171,28
172,28
173,28
174,29
175,29
176,29
177,29
178,29
179,29
180,30
181,30
182,30
183,30
184,30
185,30
186,30
187,30
188,31
189,31
190,31
191,31
192,31
193,31
194,31
195,31
196,32
197,32
198,32
199,33
200,33
201,33
202,34
203,34
204,34
205,34
206,34
207,35
208,35
209,35
210,35
211,35
212,35
213,35
214,35
215,35
216,35
217,36
218,36
219,36
220,36
221,36
222,36
223,36
224,36
225,36
226,37
227,37
228,37
229,37
230,37
231,37
232,37
233,37
234,37
235,38
236,38
237,38
238,38
239,38
240,38
241,38
242,38
243,38
244,39
245,39
246,39
247,39
248,39
249,39
250,39
251,40
252,40
253,40
254,41
255,41
256,41
257,42
258,42
259,42
260,42
261,42
262,43
263,43
264,43
265,43
266,43
267,43
268,43
269,44
270,44
271,44
272,45
273,45
274,45
275,45
276,45
277,45
278,45
279,45
280,45
281,46
282,46
283,46
284,46
285,47
286,47
287,47
288,47
289,47
290,47
291,47
292,47
293,47
294,48
295,48
296,48
297,48
298,48
299,49
300,49
301,49
302,49
303,49
304,50
305,50
306,50
307,51
308,51
309,51
310,51
311,51
312,51
313,51
314,51
315,51
316,52
317,52
318,52
319,52
320,53
321,53
322,53
323,54
324,54
325,54
326,55
327,55
328,55
329,55
330,55
331,55
332,55
333,55
334,56
335,56
336,56
337,56
338,56
339,56
340,56
341,56
342,56
343,56
344,57
345,57
346,57
347,57
348,57
349,57
350,58
351,58
352,58
353,59
354,59
355,60
356,60
357,60
358,60
359,61
360,61
361,61
362,61
363,61
364,61
365,61
366,61
367,61
368,61
369,62
370,62
371,62
372,62
373,62
374,62
375,62
376,62
377,63
378,63
379,63
380,63
381,63
382,63
383,63
384,63
385,64
386,64
387,64
388,64
389,64
390,64
391,64
392,65
393,65
394,65
395,65
396,65
397,65
398,65
399,65
400,65
401,66
402,66
403,66
404,66
405,66
406,67
407,67
408,67
409,67
410,67
411,68
412,68
413,68
414,69
415,69
416,69
417,69
418,69
419,69
420,69
421,70
422,70
423,70
424,70
425,70
426,71
427,71
428,71
429,72
430,72
431,72
432,72
433,72
434,72
435,72
436,72
437,72
438,73
439,73
440,73
441,73
442,73
443,74
444,74
445,74
446,74
447,74
448,74
449,74
450,75
451,75
452,75
453,76
454,76
455,76
456,77
457,77
458,77
459,77
460,77
461,77
462,77
463,78
464,78
465,78
466,78
467,78
468,79
469,79
470,79
471,79
472,79
473,79
474,79
475,79
476,79
477,79
478,80
479,80
480,80
481,80
482,80
483,81
484,81
485,81
486,81
487,81
488,81
489,81
490,81
491,81
492,82
493,82
494,82
495,82
496,83
497,83
498,83
499,83
500,83
501,84
502,84
503,84
504,84
505,84
506,84
507,84
508,84
509,85
510,85
511,85
512,86
513,86
514,86
515,86
516,86
517,86
518,86
519,86
520,87
521,87
522,87
523,87
524,87
525,87
526,87
527,87
528,88
529,88
530,88
531,88
532,89
533,89
534,89
535,89
536,89
537,90
538,90
539,90
540,90
541,90
542,91
543,91
544,91
545,91
546,91
547,91
548,91
549,91
550,92
551,92
552,92
553,92
554,93
555,93
556,94
557,94
558,94
559,94
560,94
561,94
562,94
563,95
564,95
565,95
566,95
567,95
568,95
569,95
570,95
571,96
572,96
573,96
574,96
575,97
576,97
577,97
578,97
579,97
580,98
581,98
582,98
583,98
584,98
585,98
586,98
587,98
588,98
589,99
590,99
591,99
592,99
593,99
594,99
595,99
596,99
597,100
598,100
599,100
600,101
601,101
602,101
603,101
604,101
605,101
606,101
607,101
608,101
609,101
610,102
611,102
612,102
613,102
614,102
615,102
616,102
617,102
618,102
619,102
620,103
621,103
622,103
623,103
624,104
625,104
626,104
627,104
628,104
629,104
630,104
631,104
632,104
633,104
634,105
635,105
636,105
637,105
638,105
639,105
640,106
641,106
642,106
643,106
644,106
645,106
646,106
647,107
648,107
649,107
650,107
651,107
652,108
653,108
654,108
655,109
656,109
657,109
658,109
659,109
660,109
661,110
662,110
663,110
664,111
665,111
666,111
667,111
668,111
669,111
670,111
671,111
672,111
673,111
674,112
675,112
676,112
677,113
678,113
679,113
680,113
681,113
682,113
683,113
684,113
685,114
686,114
687,114
688,114
689,115
690,115
691,115
692,115
693,116
694,116
695,116
696,116
697,116
698,117
699,117
700,117
701,117
702,118
703,118
704,118
705,118
706,118
707,118
708,118
709,118
710,118
711,119
712,119
713,119
714,120
715,120
716,120
717,120
718,121
719,121
720,121
721,122
722,122
723,122
724,122
725,122
726,122
727,122
728,122
729,122
730,122
731,123
732,123
733,123
734,123
735,123
736,123
737,123
738,124
739,124
740,124
741,125
742,125
743,125
744,125
745,125
746,125
747,125
748,125
749,125
750,126
751,126
752,126
753,127
754,127
755,127
756,127
757,127
758,128
759,128
760,128
761,128
762,128
763,128
764,128
765,128
766,128
767,129
768,129
769,129
770,129
771,130
772,130
773,130
774,130
775,131
776,131
777,131
778,131
779,131
780,132
781,132
782,132
783,132
784,132
785,133
786,133
787,133
788,134
789,134
790,134
791,134
792,134
793,134
794,134
795,135
796,135
797,135
798,135
799,135
800,136
801,136
802,136
803,136
804,137
805,137
806,137
807,137
808,137
809,137
810,137
811,137
812,137
813,137
814,138
815,138
816,138
817,139
818,139
819,139
820,139
821,139
822,139
823,139
824,140
825,140
826,140
827,140
828,140
829,140
830,140
831,141
832,141
833,141
834,141
835,141
836,142
837,142
838,142
839,142
840,142
841,142
842,142
843,142
844,143
845,143
846,143
847,143
848,143
849,143
850,143
851,143
852,143
853,144
854,144
855,145
856,145
857,145
858,145
859,145
860,146
861,146
862,147
863,147
864,147
865,147
866,147
867,148
868,148
869,148
870,148
871,149
872,149
873,149
874,149
875,149
876,149
877,149
878,149
879,149
880,150
881,150
882,150
883,150
884,151
885,151
886,151
887,152
888,152
889,153
890,153
891,153
892,154
893,154
894,154
895,155
896,155
897,155
898,155
899,155
900,155
901,155
902,155
903,155
904,156
905,156
906,156
907,156
908,156
909,156
910,156
911,157
912,157
913,157
914,157
915,157
916,157
917,157
918,157
919,157
920,158
921,158
922,158
923,158
924,158
925,158
926,158
927,158
928,158
929,159
930,159
931,160
932,160
933,160
934,161
935,161
936,161
937,161
938,162
939,162
940,162
941,162
942,162
943,163
944,163
945,163
946,163
947,164
948,164
949,164
950,164
951,164
952,165
953,165
954,165
955,166
956,166
957,166
958,166
959,167
960,167
961,168
962,168
963,169
964,169
965,169
966,169
967,169
968,169
969,169
970,169
971,169
972,170
973,170
974,171
975,171
976,171
977,171
978,172
979,172
980,172
981,172
982,173
983,173
984,173
985,173
986,173
987,174
988,174
989,174
990,174
991,174
992,175
993,175
994,175
995,175
996,175
997,175
998,175
999,176
1000,176
1001,176
1002,177
1003,177
1004,177
1005,177
1006,177
1007,177
1008,177
1009,177
1010,178
1011,178
1012,178
1013,178
1014,178
1015,179
1016,179
1017,179
1018,180
1019,180
1020,180
1021,180
1022,180
1023,181
1024,181
1025,182
1026,182
1027,182
1028,183
1029,183
1030,183
1031,184
1032,184
1033,184
1034,184
1035,184
1036,185
1037,185
1038,185
1039,185
1040,186
1041,186
1042,186
1043,186
1044,186
1045,186
1046,186
1047,186
1048,186
1049,186
1050,187
1051,187
1052,187
1053,187
1054,187
1055,187
1056,187
1057,188
1058,188
1059,188
1060,188
1061,189
1062,189
1063,190
1064,190
1065,190
1066,190
1067,190
1068,190
1069,190
1070,190
1071,190
1072,190
1073,191
1074,191
1075,191
1076,191
1077,191
1078,191
1079,191
1080,191
1081,191
1082,192
1083,192
1084,192
1085,192
1086,192
1087,193
1088,193
1089,194
1090,194
1091,194
1092,195
1093,195
1094,195
1095,195
1096,195
1097,195
1098,195
1099,195
1100,196
1101,196
1102,196
1103,197
1104,197
1105,197
1106,197
1107,197
1108,197
1109,197
1110,197
1111,197
1112,197
1113,198
1114,198
1115,198
1116,199
1117,199
1118,199
1119,200
1120,200
1121,200
1122,200
1123,200
1124,200
1125,200
1126,200
1127,201
1128,201
1129,201
1130,201
1131,201
1132,201
1133,201
1134,202
1135,202
1136,202
1137,203
1138,203
1139,204
1140,204
1141,205
1142,205
1143,205
1144,205
1145,205
1146,205
1147,205
1148,205
1149,206
1150,206
1151,206
1152,206
1153,206
1154,207
1155,207
1156,207
1157,208
1158,208
1159,208
1160,208
1161,208
1162,208
1163,208
1164,208
1165,209
1166,209
1167,209
1168,209
1169,209
1170,210
1171,210
1172,211
1173,211
1174,211
1175,211
1176,211
1177,212
1178,212
1179,212
1180,212
1181,212
1182,213
1183,213
1184,213
1185,214
1186,214
1187,214
1188,214
1189,214
1190,214
1191,214
1192,214
1193,215
1194,215
1195,215
1196,215
1197,215
1198,216
1199,216
1200,216
1201,216
1202,216
1203,216
1204,216
1205,216
1206,216
1207,217
1208,217
1209,217
1210,217
1211,217
1212,218
1213,218
1214,218
1215,219
1216,219
1217,219
1218,219
1219,219
1220,220
1221,220
1222,221
1223,221
1224,221
1225,221
1226,221
1227,221
1228,222
1229,222
1230,222
1231,222
1232,222
1233,222
1234,222
1235,222
1236,222
1237,223
1238,223
1239,223
1240,223
1241,223
1242,224
1243,224
1244,224
1245,225
1246,225
1247,225
1248,225
1249,225
1250,226
1251,226
1252,227
1253,227
1254,227
1255,227
1256,228
1257,228
1258,228
1259,228
1260,228
1261,228
1262,228
1263,228
1264,228
1265,229
1266,229
1267,230
1268,230
1269,230
1270,230
1271,230
1272,231
1273,231
1274,231
1275,231
1276,231
1277,231
1278,232
1279,232
1280,232
1281,232
1282,232
1283,232
1284,232
1285,232
1286,233
1287,233
1288,234
1289,234
1290,234
1291,234
1292,235
1293,235
1294,235
1295,235
1296,235
1297,235
1298,235
1299,235
1300,235
1301,236
1302,236
1303,236
1304,236
1305,236
1306,236
1307,236
1308,236
1309,236
1310,237
1311,237
1312,237
1313,237
1314,237
1315,237
1316,237
1317,237
1318,237
1319,237
1320,238
1321,238
1322,238
1323,238
1324,238
1325,238
1326,238
1327,238
1328,238
1329,239
1330,239
1331,239
1332,239
1333,239
1334,239
1335,239
1336,240
1337,240
1338,240
1339,240
1340,241
1341,241
1342,241
1343,241
1344,241
1345,241
1346,241
1347,241
1348,241
1349,241
1350,242
1351,242
1352,242
1353,242
1354,242
1355,243
1356,243
1357,243
1358,243
1359,243
1360,244
1361,244
1362,244
1363,245
1364,245
1365,245
1366,245
1367,245
1368,245
1369,245
1370,246
1371,246
1372,246
1373,246
1374,246
1375,246
1376,246
1377,247
1378,247
1379,247
1380,247
1381,247
1382,247
1383,247
1384,248
1385,248
1386,248
1387,248
1388,248
1389,248
1390,248
1391,248
1392,248
1393,249
1394,249
1395,249
1396,249
1397,249
1398,250
1399,250
1400,250
1401,250
1402,250
1403,250
1404,250
1405,251
1406,251
1407,251
1408,252
1409,252
1410,252
1411,252
1412,252
1413,253
1414,253
1415,253
1416,253
1417,253
1418,254
1419,254
1420,254
1421,254
1422,254
1423,254
1424,254
1425,255
1426,255
1427,255
1428,255
1429,255
1430,255
1431,255
1432,255
1433,255
1434,256
1435,256
1436,256
1437,257
1438,257
1439,257
1440,258
1441,258
1442,258
1443,259
1444,259
1445,259
1446,259
1447,259
1448,259
1449,259
1450,259
1451,259
1452,259
1453,260
1454,260
1455,260
1456,260
1457,260
1458,261
1459,261
1460,261
1461,261
1462,261
1463,262
1464,262
1465,262
1466,262
1467,263
1468,263
1469,263
1470,263
1471,264
1472,264
1473,264
1474,264
1475,264
1476,265
1477,265
1478,265
1479,265
1480,265
1481,265
1482,266
1483,266
1484,267
1485,267
1486,267
1487,267
1488,267
1489,267
1490,267
1491,267
1492,268
1493,268
1494,268
1495,269
1496,269
1497,269
1498,269
1499,269
1500,270
1501,270
1502,270
1503,270
1504,271
1505,271
1506,271
1507,271
1508,271
1509,271
1510,272
1511,272
1512,272
1513,272
1514,272
1515,272
1516,272
1517,272
1518,272
1519,272
1520,273
1521,273
1522,273
1523,273
1524,274
1525,274
1526,275
1527,275
1528,275
1529,275
1530,275
1531,276
1532,276
1533,276
1534,276
1535,276
1536,276
1537,276
1538,276
1539,276
1540,276
1541,277
1542,277
1543,277
1544,277
1545,278
1546,278
1547,278
1548,278
1549,278
1550,279
1551,279
1552,280
1553,280
1554,280
1555,280
1556,281
1557,281
1558,281
1559,281
1560,281
1561,281
1562,281
1563,281
1564,282
1565,282
1566,282
1567,282
1568,283
1569,283
1570,283
1571,283
1572,283
1573,284
1574,284
1575,284
1576,285
1577,285
1578,285
1579,285
1580,285
1581,286
1582,286
1583,286
1584,287
1585,287
1586,287
1587,287
1588,287
1589,287
1590,287
1591,287
1592,287
1593,287
1594,288
1595,288
1596,288
1597,288
1598,288
1599,289
1600,289
1601,289
1602,290
1603,290
1604,290
1605,290
1606,290
1607,290
1608,290
1609,290
1610,290
1611,290
1612,291
1613,291
1614,291
1615,291
1616,292
1617,292
1618,292
1619,292
1620,293
1621,293
1622,293
1623,293
1624,293
1625,293
1626,294
1627,294
1628,294
1629,294
1630,294
1631,294
1632,295
1633,295
1634,295
1635,295
1636,295
1637,296
1638,296
1639,296
1640,296
1641,296
1642,297
1643,297
1644,297
1645,297
1646,297
1647,297
1648,297
1649,297
1650,297
1651,297
1652,298
1653,298
1654,298
1655,298
1656,299
1657,299
1658,299
1659,299
1660,299
1661,299
1662,299
1663,299
1664,300
1665,300
1666,300
1667,300
1668,300
1669,300
1670,300
1671,300
1672,300
1673,300
1674,301
1675,301
1676,301
1677,302
1678,302
1679,302
1680,303
1681,303
1682,303
1683,303
1684,303
1685,304
1686,304
1687,305
1688,305
1689,305
1690,305
1691,305
1692,305
1693,305
1694,305
1695,305
1696,305
1697,306
1698,306
1699,306
1700,307
1701,307
1702,307
1703,308
1704,308
1705,308
1706,309
1707,309
1708,309
1709,309
1710,309
1711,310
1712,310
1713,310
1714,310
1715,310
1716,310
1717,310
1718,310
1719,310
1720,311
1721,311
1722,311
1723,311
1724,311
1725,311
1726,311
1727,311
1728,311
1729,311
1730,312
1731,312
1732,312
1733,312
1734,312
1735,312
1736,312
1737,313
1738,313
1739,313
1740,313
1741,313
1742,313
1743,313
1744,314
1745,314
1746,314
1747,314
1748,314
1749,314
1750,314
1751,314
1752,314
1753,314
1754,315
1755,315
1756,315
1757,315
1758,315
1759,315
1760,315
1761,316
1762,316
1763,316
1764,317
1765,317
1766,317
1767,318
1768,318
1769,318
1770,318
1771,318
1772,318
1773,318
1774,319
1775,319
1776,319
1777,319
1778,319
1779,320
1780,320
1781,320
1782,320
1783,320
1784,320
1785,320
1786,320
1787,320
1788,320
1789,321
1790,321
1791,321
1792,321
1793,321
1794,321
1795,321
1796,322
1797,322
1798,322
1799,323
1800,323
1801,324
1802,324
1803,324
1804,324
1805,325
1806,325
1807,325
1808,325
1809,325
1810,325
1811,325
1812,325
1813,325
1814,326
1815,326
1816,326
1817,326
1818,326
1819,326
1820,326
1821,326
1822,327
1823,327
1824,327
1825,327
1826,328
1827,328
1828,328
1829,328
1830,328
1831,329
1832,329
1833,329
1834,329
1835,329
1836,329
1837,329
1838,329
1839,329
1840,330
1841,330
1842,331
1843,331
1844,331
1845,331
1846,331
1847,331
1848,331
1849,332
1850,332
1851,332
1852,332
1853,332
1854,332
1855,332
1856,332
1857,332
1858,333
1859,333
1860,333
1861,334
1862,334
1863,334
1864,334
1865,334
1866,334
1867,334
1868,334
1869,334
1870,335
1871,335
1872,336
1873,336
1874,336
1875,337
1876,337
1877,337
1878,337
1879,337
1880,337
1881,337
1882,337
1883,337
1884,338
1885,338
1886,338
1887,339
1888,339
1889,339
1890,339
1891,339
1892,339
1893,339
1894,339
1895,339
1896,339
1897,340
1898,340
1899,340
1900,340
1901,341
1902,341
1903,341
1904,341
1905,341
1906,341
1907,341
1908,341
1909,341
1910,342
1911,342
1912,342
1913,343
1914,343
1915,343
1916,343
1917,343
1918,344
1919,344
1920,344
1921,344
1922,344
1923,344
1924,344
1925,344
1926,345
1927,345
1928,345
1929,346
1930,346
1931,346
1932,346
1933,346
1934,346
1935,346
1936,346
1937,346
1938,347
1939,347
1940,347
1941,347
1942,347
1943,347
1944,347
1945,348
1946,348
1947,349
1948,349
1949,349
1950,349
1951,350
1952,350
1953,350
1954,351
1955,351
1956,351
1957,351
1958,351
1959,351
1960,351
1961,351
1962,352
1963,352
1964,353
1965,353
1966,353
1967,353
1968,353
1969,354
1970,354
1971,354
1972,354
1973,354
1974,354
1975,354
1976,354
1977,354
1978,355
1979,355
1980,355
1981,356
1982,356
1983,357
1984,357
1985,357
1986,358
1987,358
1988,358
1989,358
1990,358
1991,358
1992,359
1993,359
1994,359
1995,360
1996,360
1997,361
1998,361
1999,361
2000,361
2001,361
2002,361
2003,361
2004,361
2005,362
2006,362
2007,362
2008,362
2009,362
2010,362
2011,362
2012,362
2013,363
2014,363
2015,363
2016,363
2017,363
2018,363
2019,363
2020,363
2021,363
2022,363
2023,364
2024,364
2025,364
2026,364
2027,364
2028,365
2029,365
2030,365
2031,365
2032,365
2033,365
2034,365
2035,365
2036,366
2037,366
2038,366
2039,367
2040,367
2041,367
2042,368
2043,368
2044,368
2045,368
2046,368
2047,368
2048,368
2049,368
2050,368
2051,369
2052,369
2053,369
2054,369
2055,370
2056,370
2057,370
2058,370
2059,370
2060,370
2061,370
2062,371
2063,371
2064,371
2065,371
2066,371
2067,371
2068,371
2069,371
2070,371
2071,371
2072,372
2073,372
2074,372
2075,372
2076,372
2077,372
2078,372
2079,372
2080,372
2081,373
2082,373
2083,373
2084,373
2085,373
2086,374
2087,374
2088,374
2089,374
2090,374
2091,374
2092,374
2093,375
2094,375
2095,375
2096,376
2097,376
2098,376
2099,376
2100,376
2101,376
2102,376
2103,376
2104,376
2105,376
2106,377
2107,377
2108,377
2109,377
2110,378
2111,378
2112,378
2113,378
2114,378
2115,378
2116,378
2117,378
2118,378
2119,379
2120,379
2121,379
2122,379
2123,379
2124,379
2125,379
2126,379
2127,379
2128,379
2129,380
2130,380
2131,380
2132,380
2133,380
2134,381
2135,381
2136,381
2137,381
2138,381
2139,381
2140,381
2141,381
2142,381
2143,382
2144,382
2145,382
2146,383
2147,383
2148,383
2149,384
2150,384
2151,384
2152,384
2153,384
2154,384
2155,384
2156,384
2157,384
2158,385
2159,385
2160,385
2161,385
2162,385
2163,386
2164,386
2165,386
2166,387
2167,387
2168,387
2169,387
2170,387
2171,387
2172,387
2173,387
2174,387
2175,388
2176,388
2177,388
2178,388
2179,388
2180,388
2181,388
2182,388
2183,388
2184,388
2185,389
2186,389
2187,389
2188,389
2189,390
2190,390
2191,390
2192,390
2193,391
2194,391
2195,391
2196,391
2197,391
2198,392
2199,392
2200,392
2201,392
2202,392
2203,392
2204,392
2205,392
2206,392
2207,392
2208,393
2209,393
2210,393
2211,393
2212,393
2213,393
2214,393
2215,393
2216,393
2217,394
2218,394
2219,394
2220,394
2221,394
2222,394
2223,394
2224,395
2225,395
2226,395
2227,395
2228,395
2229,396
2230,396
2231,396
2232,397
2233,397
2234,397
2235,398
2236,398
2237,398
2238,399
2239,399
2240,399
2241,400
2242,400
2243,401
2244,401
2245,401
2246,402
2247,402
2248,402
2249,403
2250,403
2251,403
2252,403
2253,404
2254,404
2255,405
2256,405
2257,405
2258,405
2259,405
2260,405
2261,405
2262,405
2263,406
2264,406
2265,407
2266,407
2267,407
2268,407
2269,407
2270,408
2271,408
2272,408
2273,409
2274,409
2275,409
2276,409
2277,409
2278,409
2279,409
2280,409
2281,409
2282,409
2283,410
2284,410
2285,410
2286,411
2287,411
2288,411
2289,411
2290,412
2291,412
2292,412
2293,412
2294,413
2295,413
2296,413
2297,413
2298,414
2299,414
2300,414
2301,415
2302,415
2303,415
2304,416
2305,416
2306,416
2307,416
2308,416
2309,416
2310,416
2311,416
2312,416
2313,417
2314,417
2315,417
2316,417
2317,417
2318,417
2319,417
2320,417
2321,418
2322,418
2323,418
2324,418
2325,418
2326,418
2327,418
2328,418
2329,419
2330,419
2331,419
2332,419
2333,419
2334,420
2335,420
2336,420
2337,420
2338,420
2339,420
2340,420
2341,420
2342,420
2343,420
2344,421
2345,421
2346,421
2347,421
2348,421
2349,421
2350,421
2351,421
2352,421
2353,422
2354,422
2355,423
2356,423
2357,423
2358,423
2359,424
2360,424
2361,424
2362,424
2363,424
2364,425
2365,425
2366,425
2367,425
2368,425
2369,425
2370,426
2371,426
2372,426
2373,426
2374,426
2375,426
2376,426
2377,426
2378,426
2379,427
2380,427
2381,427
2382,427
2383,427
2384,428
2385,428
2386,428
2387,428
2388,428
2389,428
2390,428
2391,428
2392,428
2393,429
2394,429
2395,429
2396,429
2397,429
2398,429
2399,429
2400,429
2401,429
2402,429
2403,430
2404,430
2405,430
2406,430
2407,430
2408,430
2409,430
2410,430
2411,430
2412,431
2413,431
2414,431
2415,431
2416,431
2417,431
2418,431
2419,431
2420,431
2421,432
2422,432
2423,433
2424,433
2425,434
2426,434
2427,434
2428,435
2429,435
2430,435
2431,435
2432,435
2433,435
2434,435
2435,436
2436,436
2437,436
2438,436
2439,436
2440,436
2441,436
2442,436
2443,436
2444,436
2445,437
2446,437
2447,437
2448,437
2449,437
2450,437
2451,437
2452,438
2453,438
2454,439
2455,439
2456,439
2457,440
2458,440
2459,440
2460,440
2461,440
2462,440
2463,440
2464,440
2465,440
2466,441
2467,441
2468,441
2469,441
2470,441
2471,441
2472,441
2473,441
2474,442
2475,442
2476,442
2477,442
2478,442
2479,442
2480,442
2481,442
2482,442
2483,442
2484,443
2485,443
2486,443
2487,443
2488,444
2489,444
2490,444
2491,444
2492,444
2493,444
2494,444
2495,444
2496,444
2497,444
2498,445
2499,445
2500,445
2501,445
2502,446
2503,446
2504,446
2505,446
2506,446
2507,447
2508,447
2509,447
2510,447
2511,447
2512,447
2513,447
2514,447
2515,447
2516,448
2517,448
2518,448
2519,448
2520,448
2521,449
2522,449
2523,449
2524,449
2525,450
2526,450
2527,450
2528,450
2529,450
2530,450
2531,450
2532,450
2533,451
2534,451
2535,451
2536,451
2537,451
2538,451
2539,451
2540,451
2541,452
2542,452
2543,452
2544,452
2545,453
2546,453
2547,453
2548,453
2549,454
2550,454
2551,454
2552,454
2553,454
2554,454
2555,454
2556,454
2557,455
2558,455
2559,455
2560,455
2561,455
2562,455
2563,455
2564,455
2565,455
2566,456
2567,456
2568,456
2569,457
2570,457
2571,458
2572,458
2573,458
2574,458
2575,458
2576,459
2577,459
2578,459
2579,459
2580,460
2581,460
2582,460
2583,461
2584,461
2585,461
2586,461
2587,461
2588,461
2589,461
2590,462
2591,462
2592,462
2593,462
2594,462
2595,462
2596,462
2597,462
2598,463
2599,463
2600,463
2601,463
2602,463
2603,464
2604,464
2605,464
2606,464
2607,464
2608,464
2609,464
2610,464
2611,464
2612,465
2613,465
2614,465
2615,465
2616,465
2617,466
2618,466
2619,466
2620,467
2621,467
2622,467
2623,467
2624,467
2625,467
2626,467
2627,467
2628,467
2629,467
2630,468
2631,468
2632,468
2633,468
2634,468
2635,468
2636,468
2637,468
2638,468
2639,469
2640,469
2641,469
2642,469
2643,470
2644,470
2645,470
2646,470
2647,470
2648,471
2649,471
2650,471
2651,471
2652,471
2653,472
2654,472
2655,472
2656,472
2657,472
2658,473
2659,473
2660,473
2661,473
2662,473
2663,474
2664,474
2665,474
2666,474
2667,474
2668,474
2669,474
2670,474
2671,475
2672,475
2673,475
2674,475
2675,475
2676,476
2677,476
2678,476
2679,476
2680,476
2681,476
2682,476
2683,476
2684,476
2685,476
2686,477
2687,477
2688,477
2689,478
2690,478
2691,478
2692,479
2693,479
2694,479
2695,479
2696,479
2697,479
2698,479
2699,479
2700,480
2701,480
2702,480
2703,480
2704,480
2705,481
2706,481
2707,481
2708,481
2709,481
2710,481
2711,482
2712,482
2713,482
2714,483
2715,483
2716,483
2717,483
2718,483
2719,484
2720,484
2721,484
2722,484
2723,485
2724,485
2725,486
2726,486
2727,486
2728,486
2729,486
2730,487
2731,487
2732,487
2733,487
2734,487
2735,487
2736,487
2737,487
2738,488
2739,488
2740,488
2741,489
2742,489
2743,489
2744,490
2745,490
2746,490
2747,490
2748,490
2749,490
2750,490
2751,490
2752,490
2753,491
2754,491
2755,491
2756,491
2757,491
2758,491
2759,491
2760,492
2761,492
2762,492
2763,492
2764,492
2765,492
2766,492
2767,492
2768,492
2769,492
2770,493
2771,493
2772,493
2773,493
2774,493
2775,493
2776,494
2777,494
2778,494
2779,494
2780,494
2781,495
2782,495
2783,495
2784,496
2785,496
2786,497
2787,497
2788,498
2789,498
2790,498
2791,498
2792,499
2793,499
2794,499
2795,500
2796,500
2797,500
2798,500
2799,500
2800,501
2801,501
2802,501
2803,501
2804,501
2805,501
2806,501
2807,501
2808,501
2809,501
2810,502
2811,502
2812,502
2813,502
2814,502
2815,503
2816,503
2817,503
2818,503
2819,503
2820,504
2821,504
2822,504
2823,505
2824,505
2825,505
2826,505
2827,506
2828,506
2829,506
2830,507
2831,507
2832,507
2833,507
2834,507
2835,507
2836,507
2837,507
2838,507
2839,508
2840,508
2841,508
2842,509
2843,509
2844,509
2845,509
2846,509
2847,509
2848,510
2849,510
2850,510
2851,510
2852,510
2853,511
2854,511
2855,511
2856,511
2857,511
2858,511
2859,511
2860,512
2861,512
2862,512
2863,512
2864,512
2865,512
2866,512
2867,512
2868,512
2869,513
2870,513
2871,513
2872,514
2873,514
2874,514
2875,514
2876,514
2877,514
2878,514
2879,514
2880,514
2881,514
2882,515
2883,515
2884,515
2885,515
2886,515
2887,515
2888,516
2889,516
2890,517
2891,517
2892,517
2893,517
2894,517
2895,518
2896,518
2897,518
2898,518
2899,518
2900,518
2901,518
2902,519
2903,519
2904,519
2905,520
2906,520
2907,521
2908,521
2909,521
2910,521
2911,521
2912,521
2913,521
2914,521
2915,521
2916,522
2917,522
2918,522
2919,523
2920,523
2921,523
2922,523
2923,523
2924,523
2925,523
2926,523
2927,523
2928,524
2929,524
2930,524
2931,524
2932,524
2933,524
2934,524
2935,524
2936,524
2937,525
2938,525
2939,525
2940,525
2941,526
2942,526
2943,526
2944,526
2945,526
2946,526
2947,526
2948,526
2949,526
2950,527
2951,527
2952,527
2953,528
2954,528
2955,528
2956,528
2957,528
2958,528
2959,528
2960,528
2961,528
2962,529
2963,529
2964,529
2965,529
2966,529
2967,529
2968,529
2969,530
2970,530
2971,530
2972,531
2973,531
2974,531
2975,531
2976,531
2977,531
2978,531
2979,531
2980,531
2981,532
2982,532
2983,532
2984,533
2985,533
2986,533
2987,533
2988,533
2989,534
2990,534
2991,534
2992,534
2993,534
2994,535
2995,535
2996,535
2997,536
2998,536
2999,536
3000,537
3001,537
3002,537
3003,537
3004,537
3005,537
3006,537
3007,538
3008,538
3009,538
3010,538
3011,538
3012,538
3013,538
3014,538
3015,539
3016,539
3017,539
3018,539
3019,539
3020,539
3021,539
3022,539
3023,539
3024,539
3025,540
3026,540
3027,540
3028,540
3029,540
3030,541
3031,541
3032,541
3033,541
3034,542
3035,542
3036,542
3037,542
3038,543
3039,543
3040,543
3041,544
3042,544
3043,544
3044,544
3045,544
3046,544
3047,544
3048,544
3049,545
3050,545
3051,545
3052,545
3053,545
3054,545
3055,545
3056,545
3057,545
3058,546
3059,546
3060,546
3061,546
3062,546
3063,546
3064,546
3065,546
3066,547
3067,547
3068,547
3069,547
3070,547
3071,547
3072,547
3073,548
3074,548
3075,548
3076,548
3077,548
3078,548
3079,548
3080,548
3081,549
3082,549
3083,549
3084,549
3085,549
3086,549
3087,549
3088,549
3089,549
3090,549
3091,550
3092,550
3093,550
3094,551
3095,551
3096,551
3097,552
3098,552
3099,552
3100,553
3101,553
3102,553
3103,553
3104,553
3105,553
3106,553
3107,553
3108,553
3109,554
3110,554
3111,554
3112,554
3113,555
3114,555
3115,555
3116,555
3117,555
3118,556
3119,556
3120,556
3121,556
3122,556
3123,556
3124,556
3125,557
3126,557
3127,557
3128,557
3129,557
3130,557
3131,557
3132,557
3133,557
3134,558
3135,558
3136,559
3137,559
3138,560
3139,560
3140,560
3141,560
3142,560
3143,561
3144,561
3145,561
3146,561
3147,561
3148,561
3149,561
3150,561
3151,562
3152,562
3153,562
3154,562
3155,563
3156,563
3157,563
3158,563
3159,563
3160,563
3161,563
3162,563
3163,563
3164,564
3165,564
3166,564
3167,565
3168,565
3169,565
3170,565
3171,565
3172,565
3173,565
3174,566
3175,566
3176,566
3177,566
3178,567
3179,567
3180,567
3181,567
3182,567
3183,567
3184,567
3185,567
3186,568
3187,568
3188,569
3189,569
3190,569
3191,570
3192,570
3193,570
3194,570
3195,570
3196,570
3197,570
3198,570
3199,570
3200,571
3201,571
3202,571
3203,571
3204,571
3205,572
3206,572
3207,572
3208,573
3209,573
3210,573
3211,574
3212,574
3213,574
3214,575
3215,575
3216,575
3217,576
3218,576
3219,576
3220,576
3221,576
3222,576
3223,576
3224,576
3225,576
3226,576
3227,577
3228,577
3229,577
3230,577
3231,577
3232,577
3233,577
3234,577
3235,578
3236,578
3237,578
3238,578
3239,578
3240,578
3241,578
3242,579
3243,579
3244,579
3245,580
3246,580
3247,580
3248,580
3249,580
3250,580
3251,580
3252,580
3253,580
3254,580
3255,581
3256,581
3257,581
3258,581
3259,581
3260,582
3261,582
3262,582
3263,583
3264,583
3265,583
3266,584
3267,584
3268,584
3269,584
3270,584
3271,585
3272,585
3273,585
3274,585
3275,585
3276,585
3277,585
3278,586
3279,586
3280,586
3281,586
3282,587
3283,587
3284,587
3285,588
3286,588
3287,588
3288,588
3289,588
3290,588
3291,588
3292,589
3293,589
3294,589
3295,589
3296,589
3297,589
3298,590
3299,590
3300,591
3301,591
3302,591
3303,591
3304,591
3305,591
3306,591
3307,591
3308,592
3309,592
3310,592
3311,593
3312,593
3313,593
3314,593
3315,593
3316,593
3317,593
3318,594
3319,594
3320,594
3321,595
3322,595
3323,595
3324,595
3325,595
3326,596
3327,596
3328,596
3329,596
3330,596
3331,597
3332,597
3333,597
3334,598
3335,598
3336,598
3337,598
3338,598
3339,598
3340,598
3341,599
3342,599
3343,599
3344,599
3345,600
3346,600
3347,600
3348,600
3349,601
3350,601
3351,602
3352,602
3353,602
3354,602
3355,602
3356,602
3357,602
3358,602
3359,602
3360,603
3361,603
3362,603
3363,603
3364,603
3365,603
3366,603
3367,603
3368,603
3369,604
3370,604
3371,604
3372,604
3373,605
3374,605
3375,605
3376,605
3377,605
3378,606
3379,606
3380,606
3381,607
3382,607
3383,607
3384,607
3385,607
3386,607
3387,608
3388,608
3389,608
3390,608
3391,609
3392,609
3393,609
3394,609
3395,609
3396,609
3397,609
3398,609
3399,610
3400,610
3401,610
3402,610
3403,610
3404,611
3405,611
3406,611
3407,611
3408,611
3409,611
3410,611
3411,612
3412,612
3413,612
3414,612
3415,612
3416,612
3417,613
3418,613
3419,613
3420,613
3421,613
3422,614
3423,614
3424,614
3425,614
3426,614
3427,614
3428,614
3429,614
3430,614
3431,615
3432,615
3433,615
3434,616
3435,616
3436,616
3437,616
3438,617
3439,617
3440,617
3441,618
3442,618
3443,618
3444,618
3445,618
3446,618
3447,618
3448,618
3449,618
3450,619
3451,619
3452,619
3453,620
3454,620
3455,620
3456,620
3457,621
3458,621
3459,621
3460,622
3461,622
3462,622
3463,622
3464,622
3465,622
3466,623
3467,623
3468,623
3469,623
3470,623
3471,623
3472,624
3473,624
3474,624
3475,625
3476,625
3477,625
3478,625
3479,625
3480,625
3481,625
3482,626
3483,626
3484,626
3485,626
3486,626
3487,626
3488,626
3489,626
3490,627
3491,627
3492,628
3493,628
3494,628
3495,629
3496,629
3497,629
3498,629
3499,629
3500,629
3501,629
3502,629
3503,629
3504,629
3505,630
3506,630
3507,630
3508,630
3509,630
3510,630
3511,630
3512,630
3513,630
3514,630
3515,631
3516,631
3517,631
3518,631
3519,631
3520,632
3521,632
3522,632
3523,633
3524,633
3525,633
3526,633
3527,633
3528,633
3529,633
3530,633
3531,633
3532,634
3533,634
3534,635
3535,635
3536,635
3537,635
3538,635
3539,635
3540,635
3541,635
3542,635
3543,635
3544,636
3545,636
3546,636
3547,637
3548,637
3549,637
3550,637
3551,637
3552,637
3553,638
3554,638
3555,639
3556,639
3557,639
3558,639
3559,640
3560,640
3561,640
3562,640
3563,640
3564,640
3565,640
3566,641
3567,641
3568,641
3569,641
3570,641
3571,641
3572,641
3573,641
3574,641
3575,642
3576,642
3577,642
3578,642
3579,642
3580,642
3581,643
3582,643
3583,643
3584,643
3585,643
3586,644
3587,644
3588,644
3589,644
3590,644
3591,644
3592,645
3593,645
3594,645
3595,646
3596,646
3597,646
3598,646
3599,646
3600,647
3601,647
3602,647
3603,647
3604,647
3605,647
3606,647
3607,647
3608,647
3609,648
3610,648
3611,649
3612,649
3613,649
3614,649
3615,649
3616,649
3617,649
3618,650
3619,650
3620,651
3621,651
3622,651
3623,652
3624,652
3625,652
3626,653
3627,653
3628,653
3629,653
3630,653
3631,653
3632,654
3633,654
3634,654
3635,654
3636,654
3637,654
3638,654
3639,654
3640,655
3641,655
3642,655
3643,655
3644,655
3645,655
3646,655
3647,655
3648,655
3649,656
3650,656
3651,656
3652,656
3653,656
3654,657
3655,657
3656,657
3657,657
3658,657
3659,657
3660,657
3661,657
3662,657
3663,658
3664,658
3665,658
3666,659
3667,659
3668,659
3669,659
3670,659
3671,660
3672,660
3673,660
3674,660
3675,660
3676,660
3677,660
3678,661
3679,661
3680,661
3681,662
3682,662
3683,662
3684,662
3685,662
3686,662
3687,663
3688,663
3689,663
3690,663
3691,663
3692,663
3693,663
3694,663
3695,664
3696,664
3697,664
3698,664
3699,664
3700,664
3701,664
3702,664
3703,664
3704,664
3705,665
3706,665
3707,665
3708,665
3709,665
3710,665
3711,666
3712,666
3713,666
3714,666
3715,666
3716,667
3717,667
3718,667
3719,667
3720,667
3721,667
3722,668
3723,668
3724,669
3725,669
3726,669
3727,669
3728,669
3729,669
3730,669
3731,669
3732,670
3733,670
3734,670
3735,670
3736,670
3737,670
3738,670
3739,670
3740,670
3741,670
3742,671
3743,671
3744,671
3745,671
3746,671
3747,671
3748,671
3749,671
3750,671
3751,672
3752,672
3753,672
3754,672
3755,672
3756,673
3757,673
3758,673
3759,674
3760,674
3761,674
3762,674
3763,674
3764,675
3765,675
3766,675
3767,675
3768,675
3769,675
3770,675
3771,676
3772,676
3773,676
3774,676
3775,676
3776,676
3777,676
3778,676
3779,676
3780,676
3781,677
3782,677
3783,677
3784,678
3785,678
3786,678
3787,678
3788,678
3789,678
3790,678
3791,678
3792,678
3793,678
3794,679
3795,679
3796,679
3797,679
3798,679
3799,680
3800,680
3801,680
3802,680
3803,680
3804,680
3805,680
3806,681
3807,681
3808,681
3809,681
3810,682
3811,682
3812,682
3813,682
3814,683
3815,683
3816,683
3817,683
3818,683
3819,684
3820,684
3821,684
3822,684
3823,684
3824,684
3825,684
3826,684
3827,684
3828,684
3829,685
3830,685
3831,685
3832,685
3833,685
3834,686
3835,686
3836,687
3837,687
3838,687
3839,687
3840,687
3841,687
3842,687
3843,688
3844,688
3845,689
3846,689
3847,689
3848,690
3849,690
3850,690
3851,690
3852,691
3853,691
3854,691
3855,691
3856,691
3857,691
3858,691
3859,691
3860,691
3861,692
3862,692
3863,692
3864,692
3865,692
3866,692
3867,692
3868,692
3869,692
3870,693
3871,693
3872,693
3873,693
3874,693
3875,693
3876,693
3877,694
3878,694
3879,694
3880,695
3881,695
3882,695
3883,695
3884,695
3885,696
3886,696
3887,696
3888,696
3889,697
3890,697
3891,697
3892,697
3893,697
3894,697
3895,697
3896,698
3897,698
3898,698
3899,698
3900,698
3901,698
3902,698
3903,699
3904,699
3905,699
3906,700
3907,700
3908,700
3909,700
3910,700
3911,701
3912,701
3913,702
3914,702
3915,702
3916,702
3917,702
3918,702
3919,702
3920,703
3921,703
3922,703
3923,704
3924,704
3925,704
3926,704
3927,704
3928,704
3929,704
3930,704
3931,705
3932,705
3933,705
3934,706
3935,706
3936,706
3937,706
3938,706
3939,707
3940,707
3941,707
3942,707
3943,708
3944,708
3945,708
3946,708
3947,708
3948,709
3949,709
3950,709
3951,709
3952,709
3953,709
3954,710
3955,710
3956,710
3957,710
3958,711
3959,711
3960,711
3961,712
3962,712
3963,712
3964,712
3965,713
3966,713
3967,713
3968,714
3969,714
3970,714
3971,715
3972,715
3973,715
3974,715
3975,715
3976,715
3977,715
3978,715
3979,715
3980,716
3981,716
3982,716
3983,716
3984,716
3985,716
3986,716
3987,716
3988,716
3989,716
3990,717
3991,717
3992,717
3993,718
3994,718
3995,718
3996,718
3997,718
3998,718
3999,718
4000,718
4001,718
4002,718
4003,719
4004,719
4005,719
4006,719
4007,719
4008,719
4009,719
4010,720
4011,720
4012,720
4013,720
4014,720
4015,721
4016,721
4017,721
4018,721
4019,721
4020,721
4021,721
4022,721
4023,721
4024,722
4025,722
4026,722
4027,722
4028,723
4029,723
4030,723
4031,723
4032,723
4033,723
4034,723
4035,723
4036,723
4037,724
4038,724
4039,724
4040,724
4041,724
4042,725
4043,725
4044,725
4045,725
4046,725
4047,725
4048,725
4049,725
4050,725
4051,726
4052,726
4053,726
4054,726
4055,727
4056,727
4057,727
4058,727
4059,728
4060,728
4061,728
4062,728
4063,728
4064,728
4065,728
4066,728
4067,728
4068,729
4069,729
4070,729
4071,730
4072,730
4073,730
4074,730
4075,730
4076,730
4077,730
4078,730
4079,730
4080,731
4081,731
4082,731
4083,731
4084,732
4085,732
4086,732
4087,732
4088,733
4089,733
4090,733
4091,733
4092,734
4093,734
4094,734
4095,735
4096,735
4097,735
4098,735
4099,735
4100,735
4101,735
4102,736
4103,736
4104,736
4105,736
4106,737
4107,737
4108,737
4109,737
4110,738
4111,738
4112,738
4113,738
4114,738
4115,739
4116,739
4117,739
4118,739
4119,739
4120,739
4121,739
4122,740
4123,740
4124,740
4125,740
4126,740
4127,740
4128,740
4129,740
4130,740
4131,740
4132,741
4133,741
4134,741
4135,741
4136,741
4137,741
4138,741
4139,741
4140,742
4141,742
4142,742
4143,742
4144,742
4145,742
4146,742
4147,742
4148,743
4149,743
4150,743
4151,743
4152,743
4153,743
4154,743
4155,744
4156,744
4157,744
4158,744
4159,744
4160,744
4161,744
4162,744
4163,744
4164,745
4165,745
4166,745
4167,745
4168,745
4169,746
4170,746
4171,747
4172,747
4173,747
4174,747
4175,747
4176,748
4177,748
4178,748
4179,748
4180,748
4181,748
4182,749
4183,749
4184,749
4185,750
4186,750
4187,750
4188,751
4189,751
4190,751
4191,751
4192,751
4193,752
4194,752
4195,752
4196,752
4197,752
4198,753
4199,753
4200,753
4201,754
4202,754
4203,754
4204,755
4205,755
4206,755
4207,755
4208,756
4209,756
4210,757
4211,757
4212,757
4213,758
4214,758
4215,758
4216,759
4217,759
4218,759
4219,759
4220,759
4221,759
4222,759
4223,759
4224,759
4225,760
4226,760
4227,760
4228,761
4229,761
4230,761
4231,761
4232,761
4233,762
4234,762
4235,762
4236,762
4237,762
4238,763
4239,763
4240,763
4241,763
4242,763
4243,763
4244,763
4245,763
4246,763
4247,764
4248,764
4249,764
4250,765
4251,765
4252,766
4253,766
4254,766
4255,767
4256,767
4257,767
4258,767
4259,767
4260,767
4261,767
4262,767
4263,767
4264,768
4265,768
4266,768
4267,768
4268,768
4269,769
4270,769
4271,769
4272,770
4273,770
4274,770
4275,770
4276,770
4277,771
4278,771
4279,771
4280,772
4281,772
4282,772
4283,772
4284,772
4285,772
4286,772
4287,772
4288,772
4289,773
4290,773
4291,773
4292,773
4293,774
4294,774
4295,774
4296,775
4297,775
4298,775
4299,776
4300,776
4301,776
4302,777
4303,777
4304,777
4305,777
4306,778
4307,778
4308,778
4309,778
4310,778
4311,779
4312,779
4313,780
4314,780
4315,780
4316,781
4317,781
4318,781
4319,781
4320,781
4321,781
4322,781
4323,781
4324,782
4325,782
4326,782
4327,783
4328,783
4329,783
4330,783
4331,783
4332,783
4333,783
4334,784
4335,784
4336,784
4337,784
4338,785
4339,785
4340,785
4341,785
4342,785
4343,786
4344,786
4345,786
4346,786
4347,786
4348,787
4349,787
4350,787
4351,787
4352,787
4353,787
4354,787
4355,787
4356,788
4357,788
4358,789
4359,789
4360,789
4361,789
4362,789
4363,790
4364,790
4365,790
4366,790
4367,790
4368,790
4369,790
4370,790
4371,790
4372,791
4373,791
4374,791
4375,791
4376,791
4377,792
4378,792
4379,792
4380,792
4381,792
4382,792
4383,793
4384,793
4385,793
4386,794
4387,794
4388,794
4389,794
4390,794
4391,795
4392,795
4393,795
4394,795
4395,795
4396,795
4397,795
4398,795
4399,795
4400,796
4401,796
4402,796
4403,797
4404,797
4405,797
4406,798
4407,798
4408,798
4409,799
4410,799
4411,799
