package_id,start_time,end_time
0,2022-11-07 07:51:47,2022-11-15 07:51:47
1,2022-05-12 21:27:16,2022-05-27 16:27:16
2,2022-05-07 18:59:06,2022-05-16 22:59:06
3,2022-10-10 14:33:19,2022-10-21 16:33:19
4,2022-02-11 18:46:02,2022-02-21 22:46:02
5,2022-01-29 08:49:54,2022-02-13 11:49:54
6,2022-02-25 19:46:38,2022-03-12 10:46:38
7,2022-03-28 12:00:27,2022-04-07 14:00:27
8,2021-12-26 23:03:00,2022-01-03 16:03:00
9,2022-07-21 17:18:15,2022-08-03 04:18:15
10,2021-12-13 21:04:36,2021-12-23 17:04:36
11,2022-02-14 13:49:49,2022-02-25 18:49:49
12,2022-09-13 07:03:30,2022-09-28 04:03:30
13,2022-04-30 12:41:12,2022-05-13 09:41:12
14,2022-07-27 15:10:59,2022-08-03 19:10:59
15,2022-03-01 03:30:19,2022-03-14 18:30:19
16,2022-05-29 00:10:22,2022-06-06 22:10:22
17,2021-12-14 15:13:20,2021-12-29 03:13:20
18,2022-02-13 21:45:58,2022-03-02 13:45:58
19,2022-04-11 15:10:41,2022-04-20 01:10:41
20,2022-11-17 12:24:43,2022-12-03 12:24:43
21,2022-09-16 16:41:31,2022-09-30 17:41:31
22,2022-02-06 14:07:17,2022-02-21 18:07:17
23,2022-06-19 19:08:07,2022-07-01 17:08:07
24,2022-09-18 03:28:17,2022-10-02 22:28:17
25,2022-09-23 12:09:45,2022-10-05 23:09:45
26,2022-11-07 05:16:35,2022-11-19 01:16:35
27,2021-12-14 11:20:56,2021-12-31 01:20:56
28,2022-07-19 08:25:34,2022-08-02 05:25:34
29,2022-10-08 04:04:07,2022-10-25 15:04:07
30,2022-07-25 00:59:10,2022-08-05 21:59:10
31,2022-03-03 04:47:52,2022-03-19 19:47:52
32,2022-01-14 21:46:35,2022-01-24 16:46:35
33,2022-07-11 06:34:58,2022-07-23 10:34:58
34,2022-06-19 06:24:50,2022-06-30 17:24:50
35,2022-05-03 15:12:13,2022-05-15 06:12:13
36,2022-05-11 01:48:52,2022-05-29 10:48:52
37,2022-01-29 21:16:54,2022-02-07 05:16:54
38,2022-02-23 08:59:06,2022-03-08 03:59:06
39,2022-04-20 03:55:32,2022-05-04 20:55:32
40,2022-09-04 15:39:54,2022-09-14 12:39:54
41,2022-05-18 00:57:26,2022-05-27 15:57:26
42,2022-01-25 07:08:29,2022-02-06 05:08:29
43,2022-06-03 03:17:19,2022-06-20 19:17:19
44,2022-12-03 06:49:09,2022-12-18 00:49:09
45,2022-04-09 19:34:05,2022-04-20 15:34:05
46,2022-12-06 21:40:46,2022-12-18 15:40:46
47,2022-12-04 17:11:21,2022-12-19 12:11:21
48,2022-08-14 17:43:09,2022-08-29 03:43:09
49,2022-03-07 05:37:13,2022-03-20 13:37:13
50,2022-11-08 20:39:18,2022-11-15 08:39:18
51,2022-02-20 23:55:28,2022-03-02 09:55:28
52,2022-08-04 07:49:55,2022-08-12 13:49:55
53,2022-09-19 17:20:41,2022-09-29 07:20:41
54,2022-12-01 19:15:05,2022-12-11 13:15:05
55,2022-07-20 23:18:42,2022-08-03 22:18:42
56,2022-09-20 03:34:32,2022-10-05 20:34:32
57,2022-11-23 12:56:54,2022-12-04 11:56:54
58,2022-01-22 18:01:10,2022-02-02 22:01:10
59,2022-03-24 03:31:49,2022-04-03 07:31:49
60,2022-06-03 05:59:38,2022-06-12 15:59:38
61,2021-12-14 13:14:27,2021-12-27 04:14:27
62,2022-02-10 05:40:08,2022-02-26 23:40:08
63,2022-02-02 13:37:46,2022-02-15 18:37:46
64,2022-12-07 16:29:35,2022-12-18 19:29:35
65,2022-05-18 03:06:50,2022-05-29 18:06:50
66,2022-06-03 05:38:13,2022-06-14 21:38:13
67,2022-10-06 18:46:53,2022-10-16 12:46:53
68,2022-11-03 12:35:47,2022-11-12 18:35:47
69,2022-05-24 12:11:34,2022-06-01 16:11:34
70,2022-04-04 09:44:04,2022-04-21 13:44:04
71,2022-01-17 22:08:55,2022-02-02 08:08:55
72,2022-08-30 18:33:21,2022-09-05 14:33:21
73,2022-11-19 01:44:40,2022-12-05 23:44:40
74,2022-04-13 19:04:32,2022-04-23 13:04:32
75,2022-02-03 16:30:52,2022-02-17 14:30:52
76,2022-05-30 01:45:59,2022-06-07 02:45:59
77,2022-01-13 15:24:28,2022-01-23 17:24:28
78,2022-04-18 00:17:00,2022-04-29 10:17:00
79,2022-05-29 12:51:50,2022-06-04 16:51:50
80,2022-02-11 16:05:26,2022-02-25 02:05:26
81,2022-07-25 05:56:22,2022-07-31 08:56:22
82,2022-08-08 03:07:26,2022-08-25 21:07:26
83,2022-11-04 21:35:00,2022-11-19 06:35:00
84,2022-01-15 03:06:28,2022-01-23 07:06:28
85,2022-05-16 18:58:15,2022-05-23 02:58:15
86,2022-04-09 00:46:24,2022-04-19 05:46:24
87,2022-04-05 21:54:26,2022-04-17 23:54:26
88,2022-07-10 06:55:07,2022-07-26 08:55:07
89,2022-04-04 01:12:16,2022-04-14 20:12:16
90,2022-06-02 14:34:02,2022-06-13 22:34:02
91,2022-01-07 20:45:49,2022-01-20 19:45:49
92,2022-07-11 03:02:21,2022-07-26 18:02:21
93,2022-01-17 04:13:52,2022-01-29 05:13:52
94,2022-03-03 23:22:50,2022-03-20 17:22:50
95,2022-12-05 05:56:09,2022-12-20 08:56:09
96,2022-06-02 10:20:51,2022-06-18 11:20:51
97,2022-05-13 11:05:30,2022-05-23 22:05:30
98,2022-05-09 02:58:01,2022-05-26 10:58:01
99,2022-11-25 14:02:18,2022-12-08 15:02:18
100,2022-03-08 07:08:51,2022-03-19 15:08:51
101,2022-12-02 22:35:41,2022-12-10 17:35:41
102,2022-09-10 04:41:38,2022-09-21 21:41:38
103,2022-07-12 14:11:04,2022-07-27 09:11:04
104,2022-01-02 17:32:19,2022-01-12 15:32:19
105,2021-12-15 12:23:14,2021-12-26 05:23:14
106,2022-08-31 03:39:11,2022-09-17 07:39:11
107,2022-05-02 02:15:29,2022-05-09 10:15:29
108,2022-10-24 19:28:42,2022-11-05 03:28:42
109,2022-06-09 21:24:00,2022-06-23 10:24:00
110,2021-12-26 19:58:28,2022-01-06 19:58:28
111,2022-02-23 20:51:17,2022-03-04 04:51:17
112,2022-11-08 00:54:54,2022-11-17 23:54:54
113,2022-12-08 16:33:02,2022-12-17 16:33:02
114,2022-05-10 07:27:59,2022-05-17 22:27:59
115,2022-07-05 15:00:17,2022-07-24 08:00:17
116,2022-07-11 21:51:25,2022-07-27 04:51:25
117,2022-05-20 09:56:19,2022-06-05 06:56:19
118,2022-11-09 16:42:28,2022-11-19 17:42:28
119,2022-10-30 21:58:50,2022-11-11 06:58:50
120,2022-05-26 09:35:09,2022-06-03 01:35:09
121,2022-03-02 17:07:14,2022-03-12 09:07:14
122,2022-08-16 14:11:32,2022-09-03 05:11:32
123,2022-03-16 13:23:20,2022-04-05 03:23:20
124,2022-06-25 08:51:11,2022-07-06 03:51:11
125,2022-10-31 06:02:37,2022-11-14 04:02:37
126,2021-12-17 21:16:35,2022-01-02 20:16:35
127,2022-05-07 13:12:43,2022-05-17 21:12:43
128,2022-07-08 17:14:04,2022-07-17 00:14:04
129,2022-09-15 23:37:58,2022-09-24 19:37:58
130,2022-10-29 21:20:46,2022-11-11 21:20:46
131,2022-05-03 18:34:56,2022-05-23 06:34:56
132,2022-02-02 01:48:02,2022-02-18 01:48:02
133,2022-05-14 17:58:16,2022-05-24 16:58:16
134,2022-01-21 15:49:22,2022-01-27 23:49:22
135,2022-02-24 17:12:15,2022-03-04 10:12:15
136,2022-07-31 15:50:58,2022-08-16 02:50:58
137,2022-03-05 20:44:18,2022-03-23 11:44:18
138,2022-11-07 06:39:10,2022-11-14 06:39:10
139,2022-06-23 16:31:57,2022-07-02 06:31:57
140,2022-09-09 05:59:50,2022-09-21 12:59:50
141,2022-03-07 04:14:34,2022-03-18 05:14:34
142,2022-12-01 13:53:58,2022-12-14 07:53:58
143,2022-10-24 17:03:41,2022-11-04 04:03:41
144,2022-03-02 19:16:20,2022-03-16 18:16:20
145,2022-07-13 08:36:43,2022-07-20 14:36:43
146,2022-12-11 23:48:32,2022-12-22 22:48:32
147,2022-01-22 14:13:44,2022-01-30 07:13:44
148,2021-12-21 18:55:52,2021-12-30 13:55:52
149,2022-10-28 13:00:37,2022-11-15 21:00:37
150,2022-08-02 22:27:09,2022-08-12 10:27:09
151,2022-03-28 20:38:28,2022-04-14 20:38:28
152,2022-11-02 04:05:17,2022-11-11 00:05:17
153,2022-06-15 14:08:47,2022-06-25 10:08:47
154,2022-09-04 10:13:56,2022-09-22 14:13:56
155,2021-12-14 11:05:50,2021-12-31 11:05:50
156,2022-03-09 14:48:32,2022-03-25 20:48:32
157,2022-02-16 10:49:11,2022-03-04 18:49:11
158,2022-11-18 17:58:36,2022-12-01 08:58:36
159,2022-12-06 18:46:21,2022-12-22 05:46:21
160,2022-01-12 01:48:25,2022-01-28 05:48:25
161,2022-10-03 06:24:34,2022-10-12 17:24:34
162,2022-12-02 21:53:23,2022-12-17 19:53:23
163,2022-07-27 20:56:56,2022-08-12 08:56:56
164,2022-07-15 05:53:46,2022-08-01 03:53:46
165,2022-03-11 11:15:18,2022-03-20 02:15:18
166,2021-12-28 19:19:53,2022-01-10 11:19:53
167,2022-08-19 00:39:01,2022-08-29 23:39:01
168,2022-01-21 09:09:15,2022-01-27 01:09:15
169,2022-11-15 09:08:52,2022-11-26 19:08:52
170,2022-09-03 02:29:57,2022-09-14 03:29:57
171,2022-03-25 18:47:41,2022-04-03 15:47:41
172,2022-04-15 14:19:07,2022-04-26 10:19:07
173,2021-12-28 10:15:50,2022-01-14 18:15:50
174,2022-10-13 09:15:51,2022-10-24 07:15:51
175,2022-10-12 07:19:16,2022-10-25 15:19:16
176,2022-04-19 14:22:22,2022-04-28 12:22:22
177,2022-09-13 21:42:57,2022-09-29 07:42:57
178,2022-09-16 03:30:16,2022-09-22 11:30:16
179,2022-06-24 20:24:57,2022-07-08 14:24:57
180,2022-09-27 04:39:07,2022-10-07 06:39:07
181,2022-05-15 11:16:51,2022-05-26 13:16:51
182,2022-01-15 00:02:18,2022-01-30 09:02:18
183,2022-06-17 15:20:51,2022-06-29 20:20:51
184,2022-09-12 21:18:52,2022-09-21 08:18:52
185,2022-12-09 03:21:49,2022-12-24 05:21:49
186,2022-11-26 23:24:09,2022-12-15 07:24:09
187,2022-01-08 04:22:13,2022-01-21 01:22:13
188,2022-01-07 00:41:55,2022-01-19 15:41:55
189,2022-03-03 13:59:50,2022-03-10 06:59:50
190,2022-02-20 15:41:28,2022-03-04 08:41:28
191,2022-09-06 02:33:55,2022-09-19 19:33:55
192,2021-12-16 18:17:23,2021-12-29 18:17:23
193,2022-07-11 06:44:57,2022-07-19 19:44:57
194,2022-10-07 05:33:37,2022-10-17 07:33:37
195,2022-01-06 22:50:54,2022-01-24 10:50:54
196,2022-04-13 19:20:34,2022-04-26 07:20:34
197,2022-05-23 23:59:51,2022-06-03 22:59:51
198,2022-05-17 15:34:16,2022-05-26 12:34:16
199,2022-02-05 21:41:00,2022-02-12 18:41:00
200,2022-11-10 04:21:12,2022-11-23 15:21:12
201,2022-05-18 11:05:30,2022-06-04 07:05:30
202,2022-02-02 02:49:19,2022-02-16 14:49:19
203,2022-06-12 12:05:58,2022-06-20 00:05:58
204,2022-05-17 16:39:37,2022-05-30 07:39:37
205,2022-05-08 04:23:30,2022-05-26 04:23:30
206,2022-06-04 07:16:40,2022-06-12 18:16:40
207,2022-07-16 00:45:45,2022-07-28 21:45:45
208,2022-04-15 09:33:57,2022-04-28 03:33:57
209,2022-02-08 08:06:11,2022-02-19 00:06:11
210,2022-11-15 15:53:17,2022-12-02 06:53:17
211,2022-02-19 20:29:03,2022-02-27 17:29:03
212,2022-07-01 11:27:31,2022-07-09 08:27:31
213,2022-10-06 22:40:37,2022-10-22 14:40:37
214,2022-03-11 06:32:36,2022-03-27 18:32:36
215,2022-11-02 22:32:08,2022-11-17 17:32:08
216,2022-10-11 14:09:09,2022-10-25 13:09:09
217,2022-05-22 23:45:24,2022-06-03 10:45:24
218,2022-04-22 02:33:57,2022-05-05 10:33:57
219,2022-03-23 14:11:56,2022-04-07 13:11:56
220,2022-09-21 23:44:43,2022-10-02 08:44:43
221,2022-05-27 09:55:20,2022-06-14 22:55:20
222,2022-01-01 11:41:14,2022-01-12 10:41:14
223,2022-06-19 12:12:40,2022-07-07 02:12:40
224,2022-09-17 11:44:17,2022-09-27 03:44:17
225,2022-09-30 14:03:04,2022-10-14 06:03:04
226,2022-05-19 12:59:46,2022-06-01 01:59:46
227,2022-05-17 05:08:15,2022-05-30 12:08:15
228,2022-12-08 13:43:10,2022-12-15 01:43:10
229,2022-10-12 08:12:30,2022-10-24 03:12:30
230,2022-10-09 09:40:05,2022-10-27 04:40:05
231,2022-09-23 03:52:32,2022-10-04 15:52:32
232,2022-08-09 05:42:29,2022-08-15 18:42:29
233,2022-11-24 03:33:13,2022-12-08 22:33:13
234,2022-05-30 11:31:31,2022-06-09 04:31:31
235,2022-11-18 04:53:52,2022-12-01 20:53:52
236,2022-05-09 18:19:43,2022-05-22 22:19:43
237,2022-08-23 08:34:56,2022-09-10 00:34:56
238,2022-04-04 10:26:36,2022-04-15 21:26:36
239,2022-09-17 17:46:19,2022-10-03 17:46:19
240,2022-08-20 20:21:58,2022-09-05 20:21:58
241,2021-12-13 07:50:07,2021-12-28 19:50:07
242,2022-11-10 11:56:48,2022-11-26 18:56:48
243,2022-05-22 08:25:02,2022-06-03 03:25:02
244,2022-11-02 20:11:32,2022-11-15 13:11:32
245,2022-08-24 09:14:18,2022-09-08 03:14:18
246,2021-12-19 00:42:54,2021-12-28 08:42:54
247,2021-12-30 12:25:16,2022-01-14 06:25:16
248,2022-01-24 20:18:05,2022-01-30 19:18:05
249,2022-05-13 01:27:37,2022-05-25 06:27:37
250,2022-05-29 13:29:30,2022-06-07 18:29:30
251,2022-02-11 05:56:20,2022-02-20 12:56:20
252,2021-12-20 20:45:00,2022-01-01 11:45:00
253,2022-04-26 05:48:06,2022-05-06 18:48:06
254,2022-05-27 23:24:32,2022-06-11 19:24:32
255,2022-11-04 11:13:19,2022-11-18 20:13:19
256,2022-08-03 03:56:50,2022-08-13 14:56:50
257,2022-02-07 03:53:34,2022-02-17 06:53:34
258,2022-10-19 14:02:18,2022-10-27 15:02:18
259,2022-11-15 07:16:13,2022-11-23 10:16:13
260,2022-11-04 09:07:21,2022-11-19 06:07:21
261,2022-09-07 09:00:31,2022-09-22 22:00:31
262,2022-01-21 19:26:29,2022-02-04 14:26:29
263,2022-06-10 06:57:49,2022-06-24 11:57:49
264,2022-03-26 15:22:21,2022-04-12 09:22:21
265,2022-11-12 03:06:41,2022-11-26 01:06:41
266,2022-05-27 12:35:10,2022-06-04 14:35:10
267,2022-01-26 14:25:36,2022-02-12 11:25:36
268,2022-02-28 20:40:39,2022-03-19 21:40:39
269,2022-03-26 05:52:05,2022-04-12 01:52:05
270,2022-07-16 20:50:50,2022-07-29 23:50:50
271,2022-03-01 06:03:35,2022-03-15 12:03:35
272,2022-07-21 00:23:25,2022-07-28 08:23:25
273,2022-06-27 21:28:21,2022-07-10 11:28:21
274,2022-09-12 04:14:02,2022-09-24 17:14:02
275,2022-11-07 15:06:26,2022-11-20 10:06:26
276,2022-09-09 11:45:46,2022-09-24 11:45:46
277,2022-11-19 22:24:10,2022-11-30 02:24:10
278,2022-07-21 01:31:52,2022-08-07 00:31:52
279,2022-10-27 22:07:34,2022-11-05 10:07:34
280,2022-11-01 03:37:51,2022-11-07 20:37:51
281,2022-07-12 17:05:46,2022-07-24 01:05:46
282,2022-02-18 07:31:05,2022-02-26 14:31:05
283,2022-08-05 05:23:26,2022-08-21 01:23:26
284,2022-10-29 16:37:40,2022-11-07 23:37:40
285,2021-12-23 09:31:24,2022-01-07 10:31:24
286,2022-11-24 14:44:41,2022-12-05 14:44:41
287,2022-07-18 09:51:16,2022-08-06 02:51:16
288,2022-11-30 17:44:28,2022-12-17 01:44:28
289,2022-01-01 16:17:52,2022-01-10 22:17:52
290,2022-11-05 06:07:52,2022-11-14 02:07:52
291,2022-08-06 23:12:29,2022-08-25 18:12:29
292,2022-06-27 04:24:48,2022-07-12 18:24:48
293,2021-12-20 11:08:56,2022-01-06 15:08:56
294,2022-04-07 19:49:23,2022-04-24 08:49:23
295,2022-03-25 22:42:31,2022-04-06 15:42:31
296,2022-02-25 17:24:16,2022-03-10 04:24:16
297,2022-11-30 19:44:27,2022-12-08 14:44:27
298,2022-08-30 13:58:41,2022-09-10 18:58:41
299,2022-08-14 07:13:24,2022-08-22 08:13:24
300,2022-05-26 06:39:07,2022-06-08 00:39:07
301,2022-04-21 13:23:12,2022-05-02 13:23:12
302,2022-09-01 17:55:10,2022-09-08 13:55:10
303,2022-04-28 11:01:42,2022-05-08 17:01:42
304,2022-10-23 11:31:46,2022-11-03 12:31:46
305,2022-09-21 21:35:51,2022-10-02 03:35:51
306,2022-01-05 16:44:25,2022-01-13 20:44:25
307,2022-05-06 09:45:53,2022-05-14 01:45:53
308,2022-05-31 21:56:17,2022-06-16 19:56:17
309,2022-05-03 10:55:05,2022-05-12 15:55:05
310,2022-07-22 18:10:12,2022-08-06 15:10:12
311,2022-11-02 17:13:06,2022-11-18 01:13:06
312,2022-01-06 21:36:25,2022-01-24 08:36:25
313,2022-06-23 16:00:21,2022-07-11 02:00:21
314,2022-05-18 17:20:52,2022-06-06 20:20:52
315,2022-04-29 05:25:06,2022-05-07 07:25:06
316,2022-11-09 01:45:02,2022-11-24 18:45:02
317,2022-07-15 14:25:24,2022-07-28 08:25:24
318,2022-06-22 15:16:52,2022-07-01 23:16:52
319,2021-12-15 00:23:05,2022-01-02 17:23:05
320,2022-07-02 07:36:20,2022-07-20 11:36:20
321,2022-07-19 22:01:55,2022-08-06 07:01:55
322,2022-08-26 19:02:55,2022-09-08 06:02:55
323,2022-04-22 23:59:19,2022-05-05 06:59:19
324,2022-09-19 08:54:56,2022-10-01 10:54:56
325,2022-06-26 13:56:23,2022-07-04 06:56:23
326,2022-06-02 06:38:29,2022-06-16 06:38:29
327,2022-09-05 04:11:30,2022-09-19 03:11:30
328,2022-04-19 08:23:07,2022-05-02 16:23:07
329,2022-10-08 03:22:05,2022-10-20 19:22:05
330,2022-09-09 17:16:08,2022-09-22 02:16:08
331,2022-06-12 23:44:08,2022-07-01 22:44:08
332,2022-10-10 02:12:14,2022-10-18 16:12:14
333,2022-05-01 07:46:45,2022-05-10 17:46:45
334,2022-10-22 01:28:50,2022-11-07 20:28:50
335,2022-02-04 17:07:35,2022-02-15 01:07:35
336,2022-06-23 16:03:07,2022-07-03 22:03:07
337,2022-07-03 17:20:53,2022-07-19 22:20:53
338,2021-12-19 00:15:40,2022-01-04 16:15:40
339,2022-09-28 19:30:53,2022-10-14 06:30:53
340,2022-03-18 04:57:21,2022-03-31 05:57:21
341,2022-03-27 14:29:37,2022-04-07 07:29:37
342,2022-02-19 16:54:24,2022-03-06 13:54:24
343,2022-05-28 10:04:15,2022-06-13 01:04:15
344,2022-02-25 16:25:22,2022-03-13 08:25:22
345,2022-07-05 13:37:28,2022-07-15 02:37:28
346,2022-12-02 17:04:08,2022-12-16 09:04:08
347,2022-11-08 19:28:28,2022-11-19 15:28:28
348,2022-02-24 17:48:53,2022-03-13 07:48:53
349,2022-10-03 11:59:42,2022-10-19 02:59:42
350,2022-01-12 19:55:09,2022-01-25 00:55:09
351,2022-12-10 10:09:43,2022-12-23 11:09:43
352,2022-08-05 05:48:12,2022-08-22 09:48:12
353,2022-05-18 04:36:14,2022-05-27 19:36:14
354,2022-05-08 23:14:15,2022-05-16 10:14:15
355,2022-05-06 11:45:28,2022-05-14 19:45:28
356,2022-07-04 22:53:19,2022-07-17 00:53:19
357,2022-06-25 21:24:04,2022-07-10 00:24:04
358,2022-05-16 18:21:03,2022-05-27 05:21:03
359,2022-01-14 20:19:57,2022-01-26 09:19:57
360,2022-10-11 03:24:41,2022-10-26 03:24:41
361,2022-08-14 21:08:47,2022-08-27 00:08:47
362,2022-04-12 02:05:01,2022-04-27 10:05:01
363,2022-04-27 01:48:40,2022-05-12 15:48:40
364,2022-11-15 03:17:55,2022-11-27 22:17:55
365,2022-06-05 19:22:33,2022-06-21 15:22:33
366,2022-10-30 22:35:54,2022-11-18 14:35:54
367,2022-11-11 16:29:26,2022-11-24 18:29:26
368,2022-01-24 03:55:26,2022-02-05 11:55:26
369,2021-12-17 03:25:18,2022-01-02 11:25:18
370,2022-06-08 04:03:07,2022-06-18 19:03:07
371,2022-09-16 14:35:05,2022-10-03 21:35:05
372,2022-03-01 09:53:11,2022-03-16 23:53:11
373,2022-11-09 00:10:02,2022-11-15 20:10:02
374,2022-09-11 21:00:43,2022-09-19 18:00:43
375,2022-02-27 00:47:01,2022-03-14 09:47:01
376,2022-09-03 02:02:55,2022-09-17 21:02:55
377,2022-09-11 04:08:54,2022-09-23 22:08:54
378,2022-05-16 08:02:37,2022-05-25 04:02:37
379,2022-11-12 08:17:56,2022-11-21 02:17:56
380,2022-08-29 04:55:43,2022-09-12 07:55:43
381,2022-10-12 22:14:34,2022-10-22 15:14:34
382,2022-04-02 19:45:58,2022-04-18 23:45:58
383,2022-07-04 21:42:05,2022-07-19 06:42:05
384,2022-10-15 04:41:25,2022-10-22 21:41:25
385,2022-09-22 00:18:50,2022-10-01 19:18:50
386,2022-12-08 11:01:24,2022-12-20 04:01:24
387,2021-12-15 17:05:42,2021-12-31 13:05:42
388,2022-09-20 01:39:20,2022-09-30 22:39:20
389,2022-10-15 05:25:03,2022-10-25 06:25:03
390,2022-04-30 04:26:17,2022-05-10 04:26:17
391,2022-09-17 13:25:05,2022-09-29 10:25:05
392,2022-01-26 11:18:43,2022-02-08 21:18:43
393,2022-08-22 21:15:20,2022-09-09 03:15:20
394,2022-05-09 11:39:34,2022-05-22 20:39:34
395,2022-07-25 17:26:33,2022-08-02 22:26:33
396,2022-11-13 22:41:34,2022-11-26 05:41:34
397,2022-10-23 23:26:09,2022-11-06 21:26:09
398,2022-03-02 05:46:31,2022-03-15 21:46:31
399,2022-05-11 03:20:20,2022-05-20 02:20:20
400,2022-03-31 08:31:17,2022-04-06 21:31:17
401,2021-12-20 13:17:55,2021-12-29 04:17:55
402,2022-05-05 19:01:45,2022-05-15 13:01:45
403,2022-02-14 13:21:08,2022-02-20 09:21:08
404,2022-01-03 14:48:02,2022-01-13 01:48:02
405,2022-07-31 00:33:39,2022-08-15 07:33:39
406,2022-01-10 14:41:22,2022-01-22 08:41:22
407,2022-11-12 22:34:37,2022-11-21 02:34:37
408,2021-12-28 16:35:38,2022-01-13 02:35:38
409,2022-04-04 23:01:51,2022-04-12 14:01:51
410,2022-10-16 21:07:20,2022-11-05 07:07:20
411,2022-07-05 09:23:02,2022-07-18 18:23:02
412,2022-09-30 05:30:10,2022-10-06 09:30:10
413,2022-01-20 16:25:30,2022-02-04 14:25:30
414,2022-06-27 21:41:26,2022-07-14 07:41:26
415,2022-11-21 13:33:00,2022-12-04 04:33:00
416,2022-11-19 14:06:45,2022-12-03 17:06:45
417,2022-02-10 18:07:02,2022-02-21 21:07:02
418,2022-08-11 23:34:26,2022-08-23 01:34:26
419,2022-03-03 04:33:09,2022-03-14 19:33:09
420,2022-01-16 05:59:24,2022-01-29 22:59:24
421,2021-12-15 04:02:38,2021-12-31 11:02:38
422,2022-09-17 15:42:28,2022-10-04 05:42:28
423,2022-08-08 20:15:09,2022-08-15 10:15:09
424,2022-01-28 05:53:14,2022-02-11 14:53:14
425,2022-03-24 12:04:23,2022-04-07 11:04:23
426,2022-01-28 04:52:47,2022-02-10 07:52:47
427,2022-03-02 00:43:01,2022-03-18 20:43:01
428,2022-03-30 01:18:09,2022-04-07 06:18:09
429,2022-09-02 06:45:53,2022-09-14 04:45:53
430,2022-02-01 19:39:54,2022-02-14 17:39:54
431,2022-06-25 15:13:19,2022-07-14 04:13:19
432,2022-05-23 11:02:22,2022-06-08 00:02:22
433,2022-08-29 13:09:44,2022-09-10 07:09:44
434,2022-07-03 17:17:06,2022-07-12 16:17:06
435,2022-03-18 09:39:12,2022-03-25 19:39:12
436,2022-01-20 18:22:38,2022-01-26 12:22:38
437,2021-12-19 17:53:25,2021-12-29 13:53:25
438,2022-07-26 18:16:04,2022-08-06 12:16:04
439,2022-12-04 18:00:42,2022-12-21 23:00:42
440,2022-10-03 20:50:42,2022-10-17 02:50:42
441,2022-11-27 16:42:59,2022-12-09 18:42:59
442,2022-04-20 11:25:57,2022-05-03 00:25:57
443,2022-11-28 18:47:59,2022-12-15 19:47:59
444,2022-12-07 11:10:12,2022-12-15 06:10:12
445,2022-03-14 09:06:13,2022-04-01 13:06:13
446,2022-04-26 15:51:55,2022-05-12 07:51:55
447,2022-06-18 11:05:04,2022-07-05 10:05:04
448,2022-06-30 14:47:29,2022-07-14 23:47:29
449,2022-03-12 17:18:16,2022-03-25 00:18:16
450,2022-10-26 17:43:18,2022-11-03 21:43:18
451,2022-07-24 01:44:48,2022-08-07 13:44:48
452,2022-04-26 19:19:22,2022-05-13 09:19:22
453,2022-02-16 22:28:13,2022-03-01 19:28:13
454,2022-10-01 06:49:50,2022-10-17 20:49:50
455,2022-03-29 10:04:15,2022-04-13 04:04:15
456,2022-11-16 03:30:54,2022-11-27 22:30:54
457,2022-04-29 12:34:32,2022-05-09 17:34:32
458,2022-10-18 09:47:38,2022-10-26 14:47:38
459,2022-10-09 11:19:55,2022-10-18 11:19:55
460,2022-06-01 02:50:15,2022-06-10 15:50:15
461,2022-05-12 20:42:45,2022-05-21 19:42:45
462,2022-06-27 04:58:15,2022-07-05 13:58:15
463,2021-12-12 20:30:01,2021-12-24 23:30:01
464,2022-03-03 05:12:42,2022-03-17 14:12:42
465,2022-07-26 16:09:17,2022-08-05 11:09:17
466,2022-02-06 21:48:43,2022-02-16 20:48:43
467,2022-03-26 09:06:11,2022-04-08 21:06:11
468,2022-04-11 21:04:27,2022-04-26 00:04:27
469,2022-02-21 11:06:08,2022-03-09 23:06:08
470,2022-04-09 17:08:37,2022-04-20 06:08:37
471,2022-06-08 04:29:13,2022-06-25 07:29:13
472,2022-02-13 08:23:29,2022-02-25 19:23:29
473,2022-12-07 22:48:12,2022-12-26 02:48:12
474,2022-06-14 10:26:35,2022-06-30 21:26:35
475,2022-08-05 19:05:03,2022-08-19 18:05:03
476,2022-01-03 18:23:29,2022-01-11 09:23:29
477,2022-10-25 13:31:40,2022-11-03 03:31:40
478,2022-11-24 03:37:53,2022-11-30 18:37:53
479,2022-07-01 06:58:28,2022-07-11 19:58:28
480,2022-09-23 02:51:21,2022-10-11 19:51:21
481,2022-03-19 16:41:24,2022-03-29 23:41:24
482,2022-05-05 18:00:30,2022-05-16 20:00:30
483,2022-09-26 22:43:42,2022-10-08 19:43:42
484,2022-02-12 05:09:12,2022-02-28 02:09:12
485,2022-08-22 16:38:32,2022-09-03 21:38:32
486,2022-09-17 01:01:22,2022-10-01 14:01:22
487,2022-07-25 21:31:10,2022-08-02 00:31:10
488,2022-10-21 06:13:24,2022-10-27 15:13:24
489,2022-03-13 18:43:56,2022-03-31 06:43:56
490,2022-05-31 01:36:57,2022-06-18 02:36:57
491,2022-01-20 18:07:40,2022-02-02 21:07:40
492,2022-10-04 06:44:14,2022-10-12 01:44:14
493,2022-06-10 21:24:43,2022-06-21 21:24:43
494,2022-10-03 15:53:50,2022-10-14 15:53:50
495,2022-02-28 01:17:06,2022-03-11 20:17:06
496,2022-10-01 15:29:05,2022-10-20 11:29:05
497,2022-11-25 07:04:15,2022-12-10 14:04:15
498,2022-05-21 00:23:37,2022-06-08 18:23:37
499,2022-02-18 12:24:04,2022-02-28 22:24:04
