user_id,package_id,budget,create_time,deadline
226,0,3361.0337069574775,2022-11-07 05:51:47,2022-11-17 05:51:47
62,1,2061.352226329458,2022-05-12 16:27:16,2022-05-30 16:27:16
823,2,2202.435716213381,2022-05-07 11:59:06,2022-05-18 11:59:06
721,3,2268.2327829069086,2022-10-10 12:33:19,2022-10-22 12:33:19
825,4,1692.2293972388948,2022-02-11 13:46:02,2022-02-23 13:46:02
159,5,3051.807706394936,2022-01-29 03:49:54,2022-02-16 03:49:54
155,6,2741.4908133654935,2022-02-25 15:46:38,2022-03-14 15:46:38
127,7,2093.135643504424,2022-03-28 06:00:27,2022-04-10 06:00:27
842,8,2217.038638045792,2021-12-26 15:03:00,2022-01-05 15:03:00
50,9,2280.407158106346,2022-07-21 16:18:15,2022-08-06 16:18:15
779,10,2548.3527307357995,2021-12-13 14:04:36,2021-12-24 14:04:36
759,11,1859.6625398607578,2022-02-14 05:49:49,2022-03-01 05:49:49
754,12,2543.2198339420997,2022-09-13 03:03:30,2022-09-30 03:03:30
29,13,2576.6263150288573,2022-04-30 08:41:12,2022-05-15 08:41:12
827,14,2665.484625746129,2022-07-27 09:10:59,2022-08-07 09:10:59
705,15,2328.0637418278397,2022-02-28 19:30:19,2022-03-18 19:30:19
38,16,2385.915517918235,2022-05-28 19:10:22,2022-06-10 19:10:22
792,17,2604.4140046640678,2021-12-14 14:13:20,2022-01-01 14:13:20
292,18,2367.4355502133362,2022-02-13 20:45:58,2022-03-02 20:45:58
207,19,2999.0514247338438,2022-04-11 09:10:41,2022-04-23 09:10:41
30,20,1558.6029206298347,2022-11-17 09:24:43,2022-12-06 09:24:43
43,21,2919.1964084514366,2022-09-16 15:41:31,2022-10-04 15:41:31
160,22,1919.497339407414,2022-02-06 07:07:17,2022-02-25 07:07:17
95,23,437.9674481191814,2022-06-19 11:08:07,2022-07-03 11:08:07
194,24,2742.1892812976403,2022-09-18 02:28:17,2022-10-04 02:28:17
210,25,1915.7829636418478,2022-09-23 08:09:45,2022-10-09 08:09:45
798,26,1664.4704399626607,2022-11-07 04:16:35,2022-11-22 04:16:35
219,27,2036.9785927866951,2021-12-14 07:20:56,2021-12-31 07:20:56
111,28,3298.0332318752935,2022-07-19 03:25:34,2022-08-05 03:25:34
202,29,1398.3742555016993,2022-10-07 20:04:07,2022-10-27 20:04:07
75,30,3079.5546418820754,2022-07-24 17:59:10,2022-08-06 17:59:10
57,31,3324.8488646828896,2022-03-03 00:47:52,2022-03-20 00:47:52
203,32,2335.302498788666,2022-01-14 13:46:35,2022-01-27 13:46:35
42,33,1775.2853095942382,2022-07-11 04:34:58,2022-07-25 04:34:58
163,34,972.9033873364738,2022-06-19 00:24:50,2022-07-01 00:24:50
275,35,2535.958187494278,2022-05-03 13:12:13,2022-05-18 13:12:13
205,36,3007.1485108762113,2022-05-10 23:48:52,2022-05-30 23:48:52
146,37,2393.3271831432285,2022-01-29 17:16:54,2022-02-08 17:16:54
83,38,1908.962622804762,2022-02-23 05:59:06,2022-03-11 05:59:06
255,39,1753.10682392436,2022-04-19 21:55:32,2022-05-06 21:55:32
245,40,1528.5357080649185,2022-09-04 10:39:54,2022-09-18 10:39:54
28,41,2184.338538292999,2022-05-17 20:57:26,2022-05-30 20:57:26
82,42,2411.1372305969503,2022-01-25 00:08:29,2022-02-09 00:08:29
785,43,1831.050778460954,2022-06-03 02:17:19,2022-06-21 02:17:19
718,44,2893.120413990385,2022-12-02 22:49:09,2022-12-19 22:49:09
89,45,1516.2819001873825,2022-04-09 18:34:05,2022-04-24 18:34:05
244,46,726.3861591493562,2022-12-06 16:40:46,2022-12-19 16:40:46
726,47,2076.162434198551,2022-12-04 11:11:21,2022-12-23 11:11:21
87,48,773.9997872480083,2022-08-14 16:43:09,2022-09-01 16:43:09
99,49,1455.3998392178003,2022-03-07 03:37:13,2022-03-22 03:37:13
702,50,2011.2532317951323,2022-11-08 19:39:18,2022-11-18 19:39:18
181,51,1758.6847757891214,2022-02-20 17:55:28,2022-03-03 17:55:28
91,52,2223.4203478438385,2022-08-04 05:49:55,2022-08-16 05:49:55
41,53,2475.787244584054,2022-09-19 11:20:41,2022-09-29 11:20:41
214,54,1963.6267424309538,2022-12-01 17:15:05,2022-12-11 17:15:05
730,55,1524.0234134774444,2022-07-20 15:18:42,2022-08-06 15:18:42
87,56,2472.769885163734,2022-09-19 19:34:32,2022-10-07 19:34:32
219,57,1713.6966085996833,2022-11-23 09:56:54,2022-12-05 09:56:54
259,58,1719.8001722869328,2022-01-22 14:01:10,2022-02-05 14:01:10
160,59,1716.5106301929454,2022-03-24 02:31:49,2022-04-07 02:31:49
14,60,2931.4431156900123,2022-06-03 04:59:38,2022-06-15 04:59:38
830,61,3343.235579813472,2021-12-14 07:14:27,2021-12-27 07:14:27
258,62,3163.109725998579,2022-02-10 03:40:08,2022-02-28 03:40:08
207,63,1834.9524552594603,2022-02-02 11:37:46,2022-02-18 11:37:46
275,64,2436.84226637961,2022-12-07 15:29:35,2022-12-20 15:29:35
66,65,1298.8174656380716,2022-05-17 19:06:50,2022-05-29 19:06:50
68,66,2032.6220209696532,2022-06-02 21:38:13,2022-06-18 21:38:13
145,67,1252.3851064857213,2022-10-06 17:46:53,2022-10-19 17:46:53
78,68,2381.340754004157,2022-11-03 11:35:47,2022-11-13 11:35:47
100,69,3083.060748472939,2022-05-24 08:11:34,2022-06-04 08:11:34
205,70,656.9843812288416,2022-04-04 02:44:04,2022-04-24 02:44:04
774,71,1331.6925315255846,2022-01-17 19:08:55,2022-02-02 19:08:55
802,72,2631.6541401952136,2022-08-30 17:33:21,2022-09-09 17:33:21
115,73,2414.2006186487943,2022-11-19 00:44:40,2022-12-07 00:44:40
724,74,3128.9950036946093,2022-04-13 17:04:32,2022-04-26 17:04:32
126,75,2215.0743135857633,2022-02-03 10:30:52,2022-02-20 10:30:52
768,76,2767.411809228363,2022-05-29 19:45:59,2022-06-10 19:45:59
165,77,1694.9189227478018,2022-01-13 14:24:28,2022-01-27 14:24:28
783,78,2140.406207811026,2022-04-17 16:17:00,2022-04-29 16:17:00
765,79,2070.7777569023065,2022-05-29 06:51:50,2022-06-08 06:51:50
185,80,782.1570889691577,2022-02-11 09:05:26,2022-02-27 09:05:26
57,81,1177.5210506475128,2022-07-25 01:56:22,2022-08-04 01:56:22
61,82,2588.129470255059,2022-08-07 21:07:26,2022-08-27 21:07:26
745,83,2617.313082584258,2022-11-04 13:35:00,2022-11-20 13:35:00
706,84,2903.9795327283236,2022-01-15 01:06:28,2022-01-25 01:06:28
718,85,2897.634853046613,2022-05-16 15:58:15,2022-05-26 15:58:15
138,86,2147.817717461066,2022-04-08 22:46:24,2022-04-21 22:46:24
277,87,1466.415713752503,2022-04-05 20:54:26,2022-04-18 20:54:26
764,88,428.2299156299207,2022-07-09 22:55:07,2022-07-29 22:55:07
792,89,2763.4895605827305,2022-04-03 20:12:16,2022-04-17 20:12:16
765,90,2332.9777752401155,2022-06-02 06:34:02,2022-06-14 06:34:02
794,91,3449.6518843057647,2022-01-07 15:45:49,2022-01-23 15:45:49
101,92,2363.0041739519347,2022-07-11 00:02:21,2022-07-30 00:02:21
84,93,1624.1643798205357,2022-01-16 22:13:52,2022-01-30 22:13:52
101,94,1883.4353072811632,2022-03-03 22:22:50,2022-03-22 22:22:50
844,95,2908.4868548353284,2022-12-04 22:56:09,2022-12-20 22:56:09
139,96,1863.820231238531,2022-06-02 05:20:51,2022-06-21 05:20:51
11,97,874.2798053747078,2022-05-13 06:05:30,2022-05-24 06:05:30
135,98,1475.3218496586446,2022-05-08 20:58:01,2022-05-27 20:58:01
144,99,912.2161115039821,2022-11-25 07:02:18,2022-12-12 07:02:18
20,100,1459.754217921989,2022-03-08 02:08:51,2022-03-20 02:08:51
234,101,1878.0709827465982,2022-12-02 16:35:41,2022-12-14 16:35:41
122,102,1916.3430078854985,2022-09-09 21:41:38,2022-09-21 21:41:38
829,103,1496.4335186457433,2022-07-12 11:11:04,2022-07-28 11:11:04
34,104,2267.1384110916274,2022-01-02 13:32:19,2022-01-16 13:32:19
174,105,2681.486587262138,2021-12-15 06:23:14,2021-12-27 06:23:14
88,106,2310.3094636398623,2022-08-31 01:39:11,2022-09-18 01:39:11
24,107,1579.6558637585547,2022-05-01 20:15:29,2022-05-12 20:15:29
242,108,1495.6651941554442,2022-10-24 14:28:42,2022-11-05 14:28:42
752,109,2139.95726078375,2022-06-09 15:24:00,2022-06-26 15:24:00
216,110,2295.3076698892837,2021-12-26 16:58:28,2022-01-09 16:58:28
246,111,2352.6266383874026,2022-02-23 14:51:17,2022-03-05 14:51:17
703,112,2344.4603806718587,2022-11-07 23:54:54,2022-11-18 23:54:54
831,113,327.46966018100056,2022-12-08 11:33:02,2022-12-18 11:33:02
226,114,3838.6370567014083,2022-05-10 01:27:59,2022-05-20 01:27:59
143,115,1773.1593954627986,2022-07-05 13:00:17,2022-07-24 13:00:17
763,116,3288.0582412224926,2022-07-11 16:51:25,2022-07-29 16:51:25
287,117,2500.968753999807,2022-05-20 02:56:19,2022-06-08 02:56:19
95,118,2491.289792434907,2022-11-09 14:42:28,2022-11-22 14:42:28
818,119,3330.4460172806794,2022-10-30 18:58:50,2022-11-11 18:58:50
42,120,1320.051955011641,2022-05-26 01:35:09,2022-06-06 01:35:09
789,121,2213.098292005301,2022-03-02 11:07:14,2022-03-13 11:07:14
722,122,1501.9028650788516,2022-08-16 06:11:32,2022-09-03 06:11:32
714,123,1677.280355350562,2022-03-16 07:23:20,2022-04-05 07:23:20
791,124,1805.2130047744145,2022-06-25 06:51:11,2022-07-08 06:51:11
712,125,1426.369982284461,2022-10-31 02:02:37,2022-11-16 02:02:37
252,126,1876.3971914139565,2021-12-17 20:16:35,2022-01-02 20:16:35
125,127,2606.706173236631,2022-05-07 11:12:43,2022-05-19 11:12:43
768,128,1496.8995803784303,2022-07-08 14:14:04,2022-07-19 14:14:04
704,129,2088.9227587281434,2022-09-15 16:37:58,2022-09-28 16:37:58
761,130,2409.201944819848,2022-10-29 13:20:46,2022-11-12 13:20:46
88,131,1804.3679237805536,2022-05-03 12:34:56,2022-05-23 12:34:56
165,132,2696.8646513925682,2022-02-02 00:48:02,2022-02-22 00:48:02
280,133,1857.489206658672,2022-05-14 11:58:16,2022-05-28 11:58:16
292,134,1701.3444618412286,2022-01-21 11:49:22,2022-01-31 11:49:22
230,135,2588.087297075651,2022-02-24 11:12:15,2022-03-08 11:12:15
147,136,1573.804602868725,2022-07-31 11:50:58,2022-08-17 11:50:58
130,137,1938.9857735172,2022-03-05 18:44:18,2022-03-24 18:44:18
28,138,2609.687669776809,2022-11-07 02:39:10,2022-11-18 02:39:10
192,139,592.257139248034,2022-06-23 11:31:57,2022-07-05 11:31:57
188,140,1520.2427521294042,2022-09-09 04:59:50,2022-09-22 04:59:50
177,141,1961.2861201471783,2022-03-06 21:14:34,2022-03-21 21:14:34
263,142,2023.3111700816612,2022-12-01 10:53:58,2022-12-15 10:53:58
106,143,1709.4057012419491,2022-10-24 13:03:41,2022-11-05 13:03:41
285,144,1967.0545905524084,2022-03-02 12:16:20,2022-03-20 12:16:20
739,145,3215.084298336026,2022-07-13 04:36:43,2022-07-23 04:36:43
797,146,2652.278573350053,2022-12-11 15:48:32,2022-12-23 15:48:32
31,147,2034.9168969094828,2022-01-22 10:13:44,2022-02-02 10:13:44
22,148,1604.5660745636383,2021-12-21 14:55:52,2021-12-31 14:55:52
30,149,1387.9671541503963,2022-10-28 12:00:37,2022-11-16 12:00:37
250,150,1831.5432886292735,2022-08-02 19:27:09,2022-08-15 19:27:09
7,151,1996.2469802981575,2022-03-28 15:38:28,2022-04-16 15:38:28
6,152,1983.0662043964744,2022-11-01 21:05:17,2022-11-12 21:05:17
29,153,1945.3963112450836,2022-06-15 11:08:47,2022-06-26 11:08:47
774,154,834.7530913352427,2022-09-04 03:13:56,2022-09-23 03:13:56
797,155,2833.2527414051483,2021-12-14 09:05:50,2022-01-02 09:05:50
284,156,1456.1267970165343,2022-03-09 08:48:32,2022-03-26 08:48:32
209,157,880.8785806962419,2022-02-16 06:49:11,2022-03-06 06:49:11
268,158,1978.7478953627317,2022-11-18 09:58:36,2022-12-01 09:58:36
85,159,2944.2815949176334,2022-12-06 17:46:21,2022-12-23 17:46:21
135,160,2024.394632185498,2022-01-11 21:48:25,2022-01-31 21:48:25
804,161,3144.003047841878,2022-10-02 23:24:34,2022-10-12 23:24:34
259,162,1053.0001313676898,2022-12-02 15:53:23,2022-12-19 15:53:23
174,163,2387.0162804848555,2022-07-27 13:56:56,2022-08-13 13:56:56
715,164,1576.9658476070404,2022-07-15 01:53:46,2022-08-02 01:53:46
42,165,1497.37019914942,2022-03-11 08:15:18,2022-03-23 08:15:18
169,166,1183.5620244549054,2021-12-28 13:19:53,2022-01-10 13:19:53
272,167,2435.3021116035225,2022-08-18 20:39:01,2022-08-31 20:39:01
276,168,2291.316237786898,2022-01-21 02:09:15,2022-01-31 02:09:15
847,169,1867.2631078817378,2022-11-15 02:08:52,2022-11-28 02:08:52
742,170,2515.06511671547,2022-09-02 19:29:57,2022-09-15 19:29:57
701,171,1590.1546627986718,2022-03-25 10:47:41,2022-04-07 10:47:41
81,172,2745.180747918394,2022-04-15 13:19:07,2022-04-28 13:19:07
144,173,1459.0719530501187,2021-12-28 09:15:50,2022-01-15 09:15:50
277,174,1662.6667584152892,2022-10-13 05:15:51,2022-10-28 05:15:51
147,175,2159.6500199942416,2022-10-12 04:19:16,2022-10-29 04:19:16
55,176,3037.0458874216292,2022-04-19 10:22:22,2022-05-02 10:22:22
129,177,2676.4543532576295,2022-09-13 20:42:57,2022-09-30 20:42:57
845,178,3062.668156563084,2022-09-15 19:30:16,2022-09-25 19:30:16
743,179,1718.771047515469,2022-06-24 18:24:57,2022-07-12 18:24:57
210,180,600.2856806487025,2022-09-26 23:39:07,2022-10-08 23:39:07
75,181,2445.395553779075,2022-05-15 08:16:51,2022-05-28 08:16:51
74,182,1902.9522757725679,2022-01-14 21:02:18,2022-01-30 21:02:18
16,183,1494.9266405293745,2022-06-17 13:20:51,2022-06-30 13:20:51
809,184,3282.392235358107,2022-09-12 16:18:52,2022-09-23 16:18:52
262,185,2520.327740332714,2022-12-09 02:21:49,2022-12-26 02:21:49
737,186,1125.8922410935352,2022-11-26 15:24:09,2022-12-16 15:24:09
803,187,2276.625183078558,2022-01-07 22:22:13,2022-01-21 22:22:13
16,188,883.492246384463,2022-01-06 20:41:55,2022-01-22 20:41:55
125,189,2729.340569740761,2022-03-03 05:59:50,2022-03-14 05:59:50
200,190,1622.3854407497352,2022-02-20 10:41:28,2022-03-08 10:41:28
129,191,1385.8140426860987,2022-09-05 20:33:55,2022-09-22 20:33:55
229,192,1459.4912023396187,2021-12-16 12:17:23,2022-01-01 12:17:23
124,193,2240.91358820301,2022-07-10 22:44:57,2022-07-23 22:44:57
56,194,1761.543328254015,2022-10-07 01:33:37,2022-10-20 01:33:37
1,195,933.3493299571783,2022-01-06 19:50:54,2022-01-25 19:50:54
278,196,2432.067228234703,2022-04-13 18:20:34,2022-04-26 18:20:34
89,197,2067.0153008346256,2022-05-23 16:59:51,2022-06-07 16:59:51
174,198,2265.138958222173,2022-05-17 07:34:16,2022-05-28 07:34:16
759,199,1928.7910037191039,2022-02-05 15:41:00,2022-02-15 15:41:00
754,200,2591.915715472116,2022-11-09 20:21:12,2022-11-26 20:21:12
746,201,2917.4168798256837,2022-05-18 10:05:30,2022-06-06 10:05:30
201,202,2385.0440513915855,2022-02-01 18:49:19,2022-02-20 18:49:19
206,203,1441.1584871658197,2022-06-12 11:05:58,2022-06-22 11:05:58
28,204,2519.1611762368707,2022-05-17 09:39:37,2022-05-31 09:39:37
64,205,395.81000042725464,2022-05-08 02:23:30,2022-05-28 02:23:30
762,206,943.0912981633342,2022-06-04 06:16:40,2022-06-15 06:16:40
293,207,1266.2970456669395,2022-07-15 17:45:45,2022-07-29 17:45:45
292,208,1848.3797916543854,2022-04-15 03:33:57,2022-04-30 03:33:57
723,209,1678.7347905170816,2022-02-08 07:06:11,2022-02-21 07:06:11
100,210,1955.8355097727635,2022-11-15 09:53:17,2022-12-04 09:53:17
217,211,2354.1263504604744,2022-02-19 19:29:03,2022-03-01 19:29:03
62,212,1499.775427146601,2022-07-01 08:27:31,2022-07-12 08:27:31
262,213,1302.6570971270082,2022-10-06 20:40:37,2022-10-22 20:40:37
837,214,1628.0913694882518,2022-03-11 01:32:36,2022-03-28 01:32:36
777,215,1931.6339628946819,2022-11-02 18:32:08,2022-11-18 18:32:08
758,216,2407.2721698733385,2022-10-11 11:09:09,2022-10-27 11:09:09
806,217,1780.2368409528856,2022-05-22 22:45:24,2022-06-03 22:45:24
215,218,916.5002722739796,2022-04-22 01:33:57,2022-05-08 01:33:57
784,219,2351.393126745154,2022-03-23 13:11:56,2022-04-10 13:11:56
835,220,2132.3038206798915,2022-09-21 17:44:43,2022-10-05 17:44:43
828,221,1446.3438055969298,2022-05-27 03:55:20,2022-06-16 03:55:20
293,222,2700.974311980168,2022-01-01 04:41:14,2022-01-16 04:41:14
105,223,1957.199434695634,2022-06-19 06:12:40,2022-07-07 06:12:40
190,224,3399.764778128372,2022-09-17 08:44:17,2022-09-27 08:44:17
42,225,1556.6204233796143,2022-09-30 09:03:04,2022-10-15 09:03:04
814,226,1413.40717813135,2022-05-19 09:59:46,2022-06-02 09:59:46
41,227,2379.762994502265,2022-05-16 21:08:15,2022-05-30 21:08:15
774,228,2285.602271773786,2022-12-08 08:43:10,2022-12-18 08:43:10
741,229,1412.2014097840379,2022-10-12 04:12:30,2022-10-24 04:12:30
16,230,1858.7190533452524,2022-10-09 04:40:05,2022-10-29 04:40:05
793,231,2484.1569304235727,2022-09-23 02:52:32,2022-10-06 02:52:32
261,232,1393.384598060048,2022-08-09 00:42:29,2022-08-19 00:42:29
41,233,2388.5663889555726,2022-11-24 01:33:13,2022-12-11 01:33:13
164,234,974.936254309122,2022-05-30 03:31:31,2022-06-10 03:31:31
286,235,968.3802979963714,2022-11-18 00:53:52,2022-12-04 00:53:52
725,236,2031.9108369368248,2022-05-09 16:19:43,2022-05-24 16:19:43
848,237,878.6430440452748,2022-08-23 00:34:56,2022-09-12 00:34:56
264,238,2872.164698752998,2022-04-04 06:26:36,2022-04-16 06:26:36
111,239,2043.4242363083074,2022-09-17 09:46:19,2022-10-07 09:46:19
57,240,2342.917211374306,2022-08-20 17:21:58,2022-09-06 17:21:58
58,241,2561.741713329655,2021-12-12 23:50:07,2022-01-01 23:50:07
211,242,1849.3465326944427,2022-11-10 09:56:48,2022-11-30 09:56:48
103,243,1476.625251784178,2022-05-22 07:25:02,2022-06-05 07:25:02
81,244,2146.469455098072,2022-11-02 17:11:32,2022-11-18 17:11:32
61,245,3581.397659697782,2022-08-24 06:14:18,2022-09-11 06:14:18
210,246,2484.697895142143,2021-12-18 20:42:54,2021-12-28 20:42:54
243,247,1382.337542585267,2021-12-30 09:25:16,2022-01-16 09:25:16
714,248,2154.7836356465978,2022-01-24 13:18:05,2022-02-03 13:18:05
16,249,988.3323411004138,2022-05-13 00:27:37,2022-05-26 00:27:37
98,250,1218.1718022104706,2022-05-29 10:29:30,2022-06-11 10:29:30
279,251,1902.1164902999958,2022-02-11 00:56:20,2022-02-24 00:56:20
2,252,1476.59767878773,2021-12-20 14:45:00,2022-01-04 14:45:00
52,253,1409.3191065486071,2022-04-26 04:48:06,2022-05-10 04:48:06
746,254,793.5956046407971,2022-05-27 22:24:32,2022-06-15 22:24:32
269,255,1063.2010449238753,2022-11-04 07:13:19,2022-11-21 07:13:19
761,256,2916.711099090998,2022-08-03 01:56:50,2022-08-16 01:56:50
844,257,2128.4731977557653,2022-02-06 20:53:34,2022-02-20 20:53:34
290,258,2475.5857162326633,2022-10-19 11:02:18,2022-10-30 11:02:18
251,259,1356.842186498171,2022-11-15 05:16:13,2022-11-27 05:16:13
93,260,2923.0996499507096,2022-11-04 03:07:21,2022-11-22 03:07:21
71,261,1651.3481626984187,2022-09-07 07:00:31,2022-09-25 07:00:31
196,262,2641.3681390202128,2022-01-21 11:26:29,2022-02-05 11:26:29
287,263,2297.861436066884,2022-06-10 05:57:49,2022-06-26 05:57:49
260,264,2026.7781049440985,2022-03-26 14:22:21,2022-04-13 14:22:21
278,265,2012.6752688188926,2022-11-12 00:06:41,2022-11-27 00:06:41
237,266,2736.576674860367,2022-05-27 06:35:10,2022-06-08 06:35:10
804,267,1348.3461058778412,2022-01-26 11:25:36,2022-02-15 11:25:36
758,268,2151.5954163783267,2022-02-28 18:40:39,2022-03-20 18:40:39
759,269,2098.014715851625,2022-03-26 02:52:05,2022-04-12 02:52:05
163,270,2121.5944922821755,2022-07-16 18:50:50,2022-07-31 18:50:50
223,271,1721.3543210827183,2022-03-01 02:03:35,2022-03-17 02:03:35
761,272,2054.8104989463973,2022-07-20 23:23:25,2022-07-31 23:23:25
118,273,2266.8293078005245,2022-06-27 18:28:21,2022-07-10 18:28:21
21,274,2319.427684353689,2022-09-11 22:14:02,2022-09-27 22:14:02
224,275,2597.1236804030377,2022-11-07 11:06:26,2022-11-23 11:06:26
839,276,2297.4568940159934,2022-09-09 07:45:46,2022-09-27 07:45:46
190,277,1690.6676968256256,2022-11-19 20:24:10,2022-11-30 20:24:10
171,278,1052.1904728168183,2022-07-20 17:31:52,2022-08-09 17:31:52
178,279,1184.002400003344,2022-10-27 19:07:34,2022-11-07 19:07:34
190,280,2339.299436741704,2022-11-01 00:37:51,2022-11-11 00:37:51
811,281,1617.4952688494996,2022-07-12 16:05:46,2022-07-27 16:05:46
835,282,1811.9264741398586,2022-02-18 01:31:05,2022-03-01 01:31:05
131,283,1831.937478457763,2022-08-05 03:23:26,2022-08-22 03:23:26
729,284,2288.215634639746,2022-10-29 14:37:40,2022-11-10 14:37:40
824,285,1755.6291738830253,2021-12-23 05:31:24,2022-01-09 05:31:24
67,286,969.3030989307583,2022-11-24 10:44:41,2022-12-07 10:44:41
7,287,1893.6993088417246,2022-07-18 06:51:16,2022-08-06 06:51:16
821,288,1900.5207369375796,2022-11-30 15:44:28,2022-12-19 15:44:28
846,289,1472.7461817856865,2022-01-01 10:17:52,2022-01-12 10:17:52
47,290,3085.404005392488,2022-11-04 22:07:52,2022-11-17 22:07:52
274,291,1513.839903858659,2022-08-06 21:12:29,2022-08-25 21:12:29
264,292,1694.747501894376,2022-06-26 22:24:48,2022-07-16 22:24:48
83,293,2628.354872495663,2021-12-20 05:08:56,2022-01-09 05:08:56
218,294,975.2711790361022,2022-04-07 18:49:23,2022-04-27 18:49:23
15,295,1711.9250522096502,2022-03-25 19:42:31,2022-04-06 19:42:31
243,296,2030.4630268159888,2022-02-25 13:24:16,2022-03-12 13:24:16
784,297,1376.8661803408065,2022-11-30 18:44:27,2022-12-11 18:44:27
703,298,1473.4358248968051,2022-08-30 12:58:41,2022-09-14 12:58:41
284,299,2217.643299025187,2022-08-14 02:13:24,2022-08-24 02:13:24
110,300,1986.8195104865342,2022-05-26 03:39:07,2022-06-08 03:39:07
17,301,2075.7532226909725,2022-04-21 12:23:12,2022-05-06 12:23:12
225,302,3383.5890831979577,2022-09-01 11:55:10,2022-09-12 11:55:10
275,303,843.9273825276698,2022-04-28 10:01:42,2022-05-10 10:01:42
744,304,2262.4725014971896,2022-10-23 05:31:46,2022-11-07 05:31:46
718,305,1871.877663338614,2022-09-21 18:35:51,2022-10-04 18:35:51
207,306,2220.468333497064,2022-01-05 13:44:25,2022-01-17 13:44:25
71,307,2647.7417260291527,2022-05-06 05:45:53,2022-05-18 05:45:53
705,308,3731.0432783587967,2022-05-31 16:56:17,2022-06-20 16:56:17
118,309,1656.78462962315,2022-05-03 04:55:05,2022-05-15 04:55:05
257,310,2158.574221565578,2022-07-22 12:10:12,2022-08-07 12:10:12
156,311,1242.916057635162,2022-11-02 13:13:06,2022-11-20 13:13:06
10,312,1894.0860705907162,2022-01-06 20:36:25,2022-01-25 20:36:25
243,313,2141.5329226998947,2022-06-23 10:00:21,2022-07-13 10:00:21
836,314,3560.4773727596394,2022-05-18 16:20:52,2022-06-07 16:20:52
74,315,3288.6730098746843,2022-04-29 01:25:06,2022-05-10 01:25:06
755,316,1762.9616865261046,2022-11-08 23:45:02,2022-11-24 23:45:02
734,317,1393.049825002054,2022-07-15 07:25:24,2022-07-30 07:25:24
293,318,1276.61582420632,2022-06-22 08:16:52,2022-07-03 08:16:52
1,319,1969.7251139040175,2021-12-14 19:23:05,2022-01-03 19:23:05
234,320,2087.5723910211595,2022-07-02 03:36:20,2022-07-21 03:36:20
723,321,2506.040751370133,2022-07-19 14:01:55,2022-08-06 14:01:55
706,322,2601.5659831788175,2022-08-26 11:02:55,2022-09-08 11:02:55
27,323,2362.4307385948678,2022-04-22 17:59:19,2022-05-05 17:59:19
55,324,1123.0111642796742,2022-09-19 06:54:56,2022-10-05 06:54:56
765,325,1955.2376371506132,2022-06-26 06:56:23,2022-07-07 06:56:23
147,326,3122.3785000857065,2022-06-01 22:38:29,2022-06-18 22:38:29
267,327,2521.7065598462746,2022-09-04 21:11:30,2022-09-20 21:11:30
776,328,1811.9489425464365,2022-04-19 03:23:07,2022-05-06 03:23:07
233,329,908.1999441640864,2022-10-07 21:22:05,2022-10-24 21:22:05
61,330,1680.7505416911533,2022-09-09 16:16:08,2022-09-25 16:16:08
108,331,2534.1303917852883,2022-06-12 18:44:08,2022-07-02 18:44:08
758,332,1975.798884215391,2022-10-09 23:12:14,2022-10-21 23:12:14
737,333,1900.3899539475033,2022-05-01 04:46:45,2022-05-13 04:46:45
705,334,3040.5833675405875,2022-10-21 23:28:50,2022-11-07 23:28:50
847,335,1526.0616154636011,2022-02-04 16:07:35,2022-02-17 16:07:35
800,336,2083.83626251609,2022-06-23 08:03:07,2022-07-04 08:03:07
157,337,3668.358590685558,2022-07-03 10:20:53,2022-07-21 10:20:53
817,338,3172.184794357807,2021-12-18 21:15:40,2022-01-05 21:15:40
772,339,1557.561975163099,2022-09-28 15:30:53,2022-10-17 15:30:53
249,340,1333.242976383304,2022-03-18 03:57:21,2022-04-03 03:57:21
840,341,2078.403687175619,2022-03-27 07:29:37,2022-04-08 07:29:37
71,342,2626.8066701588095,2022-02-19 09:54:24,2022-03-07 09:54:24
736,343,1373.2057021123196,2022-05-28 07:04:15,2022-06-13 07:04:15
267,344,1718.0742212569803,2022-02-25 09:25:22,2022-03-14 09:25:22
837,345,2250.4666576023324,2022-07-05 10:37:28,2022-07-17 10:37:28
714,346,623.3089601711567,2022-12-02 13:04:08,2022-12-16 13:04:08
743,347,2450.189883269657,2022-11-08 16:28:28,2022-11-19 16:28:28
829,348,3640.614291846779,2022-02-24 09:48:53,2022-03-14 09:48:53
219,349,3301.227583316188,2022-10-03 07:59:42,2022-10-19 07:59:42
226,350,1796.213729879258,2022-01-12 15:55:09,2022-01-28 15:55:09
161,351,1288.679277990671,2022-12-10 03:09:43,2022-12-26 03:09:43
2,352,2156.9239448280755,2022-08-04 21:48:12,2022-08-22 21:48:12
266,353,1069.7876085051048,2022-05-17 23:36:14,2022-05-27 23:36:14
42,354,2434.1400205511077,2022-05-08 15:14:15,2022-05-19 15:14:15
211,355,2196.671181953882,2022-05-06 06:45:28,2022-05-18 06:45:28
24,356,1312.871436134122,2022-07-04 17:53:19,2022-07-18 17:53:19
267,357,1392.9452478715225,2022-06-25 18:24:04,2022-07-12 18:24:04
10,358,2196.6626981949835,2022-05-16 17:21:03,2022-05-27 17:21:03
64,359,3074.5167758732387,2022-01-14 18:19:57,2022-01-28 18:19:57
59,360,2207.970779661838,2022-10-10 21:24:41,2022-10-29 21:24:41
58,361,2719.4858677218845,2022-08-14 16:08:47,2022-08-29 16:08:47
160,362,2233.1490359969566,2022-04-12 01:05:01,2022-05-01 01:05:01
709,363,2857.720261407731,2022-04-26 18:48:40,2022-05-12 18:48:40
62,364,1963.5522727801504,2022-11-14 23:17:55,2022-11-29 23:17:55
110,365,2425.9753253091067,2022-06-05 16:22:33,2022-06-23 16:22:33
152,366,1830.3981521886426,2022-10-30 20:35:54,2022-11-18 20:35:54
711,367,825.220178405255,2022-11-11 14:29:26,2022-11-26 14:29:26
826,368,1835.698484715116,2022-01-24 01:55:26,2022-02-08 01:55:26
296,369,1022.3637402011248,2021-12-16 19:25:18,2022-01-05 19:25:18
179,370,2190.8852369328465,2022-06-07 21:03:07,2022-06-18 21:03:07
56,371,1588.0956939368352,2022-09-16 11:35:05,2022-10-06 11:35:05
12,372,2474.0514059618167,2022-03-01 07:53:11,2022-03-18 07:53:11
709,373,1658.4940484885358,2022-11-08 17:10:02,2022-11-18 17:10:02
7,374,1711.0515677643107,2022-09-11 18:00:43,2022-09-21 18:00:43
8,375,2093.714552828301,2022-02-26 17:47:01,2022-03-14 17:47:01
227,376,1487.4084865910577,2022-09-02 21:02:55,2022-09-18 21:02:55
298,377,838.6338248529357,2022-09-11 02:08:54,2022-09-25 02:08:54
85,378,3289.254266177346,2022-05-16 06:02:37,2022-05-26 06:02:37
704,379,2937.877510459486,2022-11-12 00:17:56,2022-11-22 00:17:56
26,380,2542.0818453844063,2022-08-29 01:55:43,2022-09-16 01:55:43
800,381,2261.9301801401457,2022-10-12 16:14:34,2022-10-26 16:14:34
42,382,1711.274780695276,2022-04-02 12:45:58,2022-04-20 12:45:58
211,383,1529.9338430940197,2022-07-04 13:42:05,2022-07-22 13:42:05
792,384,2420.463266676261,2022-10-14 22:41:25,2022-10-26 22:41:25
62,385,2801.206622217345,2022-09-21 19:18:50,2022-10-03 19:18:50
772,386,1838.2479922373386,2022-12-08 04:01:24,2022-12-24 04:01:24
145,387,2673.374328169908,2021-12-15 14:05:42,2022-01-02 14:05:42
750,388,2263.6164673663584,2022-09-19 21:39:20,2022-10-01 21:39:20
86,389,1155.0294312479054,2022-10-15 04:25:03,2022-10-28 04:25:03
174,390,1738.3811736949235,2022-04-29 22:26:17,2022-05-12 22:26:17
845,391,2361.0974683044833,2022-09-17 10:25:05,2022-10-03 10:25:05
94,392,1695.7059950160192,2022-01-26 10:18:43,2022-02-11 10:18:43
263,393,2520.5733989166097,2022-08-22 19:15:20,2022-09-11 19:15:20
28,394,2831.5739997414385,2022-05-09 09:39:34,2022-05-26 09:39:34
233,395,1356.0433678586805,2022-07-25 13:26:33,2022-08-04 13:26:33
845,396,3258.735641990471,2022-11-13 16:41:34,2022-11-27 16:41:34
796,397,2358.8566604272555,2022-10-23 19:26:09,2022-11-09 19:26:09
182,398,1524.4545496876501,2022-03-02 04:46:31,2022-03-17 04:46:31
749,399,2946.7393097499044,2022-05-10 19:20:20,2022-05-20 19:20:20
149,400,1624.469276799218,2022-03-31 02:31:17,2022-04-10 02:31:17
108,401,1865.3137041038665,2021-12-20 05:17:55,2022-01-02 05:17:55
71,402,2106.253403326046,2022-05-05 12:01:45,2022-05-18 12:01:45
131,403,2739.0879802941454,2022-02-14 10:21:08,2022-02-24 10:21:08
100,404,3257.88973405656,2022-01-03 09:48:02,2022-01-16 09:48:02
102,405,1655.7078005851283,2022-07-30 17:33:39,2022-08-15 17:33:39
774,406,1425.8320599013546,2022-01-10 07:41:22,2022-01-24 07:41:22
733,407,1486.187261103511,2022-11-12 15:34:37,2022-11-22 15:34:37
754,408,762.2784646851994,2021-12-28 13:35:38,2022-01-16 13:35:38
792,409,2778.094039962805,2022-04-04 16:01:51,2022-04-15 16:01:51
754,410,1931.6328032954918,2022-10-16 13:07:20,2022-11-05 13:07:20
802,411,1339.9806578722266,2022-07-05 04:23:02,2022-07-19 04:23:02
8,412,2090.523935157624,2022-09-30 00:30:10,2022-10-10 00:30:10
114,413,1908.1844589972877,2022-01-20 11:25:30,2022-02-07 11:25:30
59,414,1930.376161808392,2022-06-27 20:41:26,2022-07-17 20:41:26
815,415,2646.4183291107693,2022-11-21 05:33:00,2022-12-04 05:33:00
166,416,2281.147449782389,2022-11-19 10:06:45,2022-12-04 10:06:45
80,417,603.8517557420639,2022-02-10 15:07:02,2022-02-25 15:07:02
814,418,2661.7742080541107,2022-08-11 16:34:26,2022-08-25 16:34:26
762,419,2180.8959439642917,2022-03-02 23:33:09,2022-03-16 23:33:09
128,420,1456.5011292243526,2022-01-15 22:59:24,2022-01-30 22:59:24
4,421,2960.0235210131873,2021-12-15 02:02:38,2022-01-01 02:02:38
103,422,3213.543189773526,2022-09-17 10:42:28,2022-10-04 10:42:28
708,423,2514.9295233450393,2022-08-08 18:15:09,2022-08-18 18:15:09
124,424,3889.7123456961617,2022-01-27 21:53:14,2022-02-13 21:53:14
144,425,1589.2518679650036,2022-03-24 04:04:23,2022-04-09 04:04:23
796,426,1341.9176095332418,2022-01-28 01:52:47,2022-02-13 01:52:47
784,427,2358.3897506619087,2022-03-01 19:43:01,2022-03-19 19:43:01
32,428,2259.8354788456386,2022-03-29 19:18:09,2022-04-10 19:18:09
831,429,3035.574054482595,2022-09-02 03:45:53,2022-09-17 03:45:53
138,430,1347.3078453880125,2022-02-01 13:39:54,2022-02-18 13:39:54
264,431,1164.5522657146548,2022-06-25 14:13:19,2022-07-15 14:13:19
242,432,1317.7665589677595,2022-05-23 10:02:22,2022-06-10 10:02:22
805,433,1755.433262544327,2022-08-29 11:09:44,2022-09-12 11:09:44
79,434,1780.4211257056922,2022-07-03 10:17:06,2022-07-16 10:17:06
81,435,2808.4440226036886,2022-03-18 07:39:12,2022-03-28 07:39:12
155,436,2815.100823709546,2022-01-20 16:22:38,2022-01-30 16:22:38
137,437,2254.6733460472733,2021-12-19 16:53:25,2022-01-02 16:53:25
186,438,2831.757603996931,2022-07-26 12:16:04,2022-08-10 12:16:04
184,439,1076.1230907957015,2022-12-04 14:00:42,2022-12-24 14:00:42
86,440,1316.704089477441,2022-10-03 15:50:42,2022-10-18 15:50:42
795,441,2929.807685439898,2022-11-27 15:42:59,2022-12-13 15:42:59
754,442,2474.7402735909345,2022-04-20 08:25:57,2022-05-06 08:25:57
66,443,1649.745764787513,2022-11-28 16:47:59,2022-12-16 16:47:59
284,444,3071.470773178251,2022-12-07 03:10:12,2022-12-18 03:10:12
784,445,2331.729660214681,2022-03-14 06:06:13,2022-04-03 06:06:13
282,446,2705.717546856671,2022-04-26 11:51:55,2022-05-15 11:51:55
89,447,1758.0338939197254,2022-06-18 04:05:04,2022-07-06 04:05:04
777,448,2825.2579029305543,2022-06-30 06:47:29,2022-07-17 06:47:29
91,449,1647.0404305802745,2022-03-12 15:18:16,2022-03-26 15:18:16
287,450,2182.387909171204,2022-10-26 15:43:18,2022-11-07 15:43:18
243,451,3492.3422697969017,2022-07-23 19:44:48,2022-08-09 19:44:48
787,452,579.9602815966791,2022-04-26 15:19:22,2022-05-16 15:19:22
826,453,1889.023234617037,2022-02-16 19:28:13,2022-03-05 19:28:13
40,454,1278.887900844577,2022-10-01 05:49:50,2022-10-18 05:49:50
258,455,2140.8538620692157,2022-03-29 04:04:15,2022-04-16 04:04:15
801,456,1648.8750677908577,2022-11-15 19:30:54,2022-12-01 19:30:54
181,457,2260.2456270392436,2022-04-29 08:34:32,2022-05-12 08:34:32
801,458,1945.5563393721295,2022-10-18 02:47:38,2022-10-29 02:47:38
126,459,1715.7097213543427,2022-10-09 07:19:55,2022-10-22 07:19:55
98,460,2833.21621450514,2022-05-31 23:50:15,2022-06-10 23:50:15
768,461,2844.273957657824,2022-05-12 14:42:45,2022-05-22 14:42:45
156,462,1430.2172666353945,2022-06-27 01:58:15,2022-07-07 01:58:15
810,463,1397.4759689666316,2021-12-12 19:30:01,2021-12-27 19:30:01
177,464,1754.984031389421,2022-03-02 23:12:42,2022-03-18 23:12:42
748,465,3417.6511596623213,2022-07-26 09:09:17,2022-08-08 09:09:17
27,466,2335.018915985014,2022-02-06 17:48:43,2022-02-20 17:48:43
38,467,1303.5003039176354,2022-03-26 03:06:11,2022-04-09 03:06:11
209,468,714.2127298970993,2022-04-11 14:04:27,2022-04-28 14:04:27
745,469,1131.230325524918,2022-02-21 04:06:08,2022-03-11 04:06:08
197,470,2300.9590100998957,2022-04-09 16:08:37,2022-04-21 16:08:37
285,471,1789.7980159085005,2022-06-07 21:29:13,2022-06-26 21:29:13
24,472,2603.4573029732624,2022-02-13 07:23:29,2022-02-28 07:23:29
74,473,1381.4870133183633,2022-12-07 17:48:12,2022-12-27 17:48:12
176,474,2165.4322313595144,2022-06-14 05:26:35,2022-07-04 05:26:35
794,475,1034.397342207006,2022-08-05 18:05:03,2022-08-21 18:05:03
827,476,1881.667368206981,2022-01-03 12:23:29,2022-01-15 12:23:29
100,477,2252.0152160918524,2022-10-25 09:31:40,2022-11-06 09:31:40
782,478,1546.3218734801953,2022-11-24 01:37:53,2022-12-04 01:37:53
248,479,2273.0387461928294,2022-07-01 01:58:28,2022-07-13 01:58:28
116,480,2296.0326725277996,2022-09-23 00:51:21,2022-10-12 00:51:21
250,481,1746.406450775901,2022-03-19 13:41:24,2022-03-30 13:41:24
139,482,1850.92413329001,2022-05-05 17:00:30,2022-05-20 17:00:30
758,483,2311.0504120827127,2022-09-26 15:43:42,2022-10-09 15:43:42
195,484,2126.366618199856,2022-02-11 21:09:12,2022-03-01 21:09:12
814,485,2012.9905784398175,2022-08-22 13:38:32,2022-09-05 13:38:32
7,486,2030.1168106898144,2022-09-16 23:01:22,2022-10-04 23:01:22
762,487,1900.7390766315575,2022-07-25 13:31:10,2022-08-04 13:31:10
838,488,3191.1956427398954,2022-10-21 04:13:24,2022-10-31 04:13:24
121,489,1365.1648307890225,2022-03-13 15:43:56,2022-04-02 15:43:56
281,490,1556.8325805137204,2022-05-31 00:36:57,2022-06-19 00:36:57
108,491,2102.484512332487,2022-01-20 16:07:40,2022-02-04 16:07:40
182,492,730.5814773799339,2022-10-04 05:44:14,2022-10-14 05:44:14
785,493,1222.3705681656095,2022-06-10 17:24:43,2022-06-23 17:24:43
197,494,979.378898334968,2022-10-03 11:53:50,2022-10-18 11:53:50
769,495,1839.4794681338349,2022-02-27 20:17:06,2022-03-14 20:17:06
172,496,2249.2206769423437,2022-10-01 11:29:05,2022-10-21 11:29:05
20,497,2003.7788534247372,2022-11-25 04:04:15,2022-12-13 04:04:15
56,498,1337.9241271652977,2022-05-20 20:23:37,2022-06-09 20:23:37
124,499,1110.1523989191571,2022-02-18 07:24:04,2022-03-04 07:24:04
